Title,Est Release Year,Operating System
007 Blood Stone,2010,Windows XP/Vista/7
007 Nightfire,2002,Windows
100 Great Educational Games Vol. 3,2000,Windows 98
100 Great Games,1998,Windows 98
100 Great Games vol. 2,2000,Windows 98 and Palm OS
102 Dalmatians:Puppies to the Rescue,2000,Windows 95/98
"15,000 Games",2007,Windows
1602 AD,1999,Window 95/98
18 Wheels of Steel Across America,2003,Windows
2 Months of AOL,2001,Windows
200 Great Games for Windows,1994,Windows 3.1
2008 World Book,2008,Mac OS X
3-D Dinosaur Adventure (Anniversary Edition),1996,Windows 95/Mac
3-D Ultra Racers,1999,Windows
3-D Ultra Traintown,2000,Windows 98/95/NT
3333 Games,2004,Windows 98SE/2000/ME/XP
3D Atlas 97,1996,Windows
3D Frog Frenzy,1999,Windows 95
3D Marble Flip,2003,Windows
3D Ultra Minigolf,2000,Windows
5 Game Super Pak,1995,Windows
8th Grade Math,???,Windows 3.1/3.11/95
911 Paramedic,2001,Windows 95/98/2000 and Mac OS 8.1
A Bug’s Life: Action Game,1998,Windows 95
ABC’s Featuring the Jungle Jukebox,1995,Windows 3.1
Aces of the Deep,1994,DOS
Aces of the Pacific,1992,DOS
Act of War Direct Action,2005,Windows 2000/XP
Activity Fun with Cinderella & Friends,No Specified Year,Windows 98/ME/XP
Adobe Photoshop CS2,2005,Windows
Adsubtract,2002,Windows
Adventure Workshop 1st-3rd Grade,2002,Windows and Macintosh
Adventures in Odyssey,2005,Windows XP/ME/2000/98
Adventures of TinTin: The Game,2011,Windows XP/Vista/7
AFL 98,1997,Windows 95
Age of Conan Hyborian Adventures Collector’s Edition,2008,Windows
Age of Conan: Hyborian Adventures,2008,Windows XP
Age of Empires,2001,Windows 95/98/ME/2000
Age of Empires,1997,Windows NT/95
Age of Empires 2 Gold Edition for Macintosh,2001,Mac
Age of Empires 2 The Age of Kings,1999,Windows
Age of Empires 2 The Conquerors Expansion,2000,Windows/NT/95
Age of Empires III,2005,Windows XP
Age of Empires: Collector’s Edition,2006,Windows 98/ME/XP/2000
Age of Empires: Gold Edition,2007,Windows XP
Age of Mythology,2007,Windows 98/2000/ME/XP
Age of Mythology: Gold Edition,2004,Windows 98/2000/ME/XP
Age of Sail II Privateer’s Bounty,2003,Windows 98/ME/2000/XP
Age of Sail II: Privateer’s Bounty,2002,Windows 98/Me/2000/XP
Age of Wonders Three Game Value Bundle,2019,Windows
Ageod’s American Civil War,2007,Windows 2000/XP/Vista
Ages of Myst: Commemorative Edition,1997,Windows 3.1/95 & Mac
Air Commanders,1995,Windows 3.1
Airline Tycoon 2 Gold Edition,2013,Windows XP/Vista/7
Aliens versus Predator,1999?,Windows
Aliens versus Predator,1986,Windows 95/98
Aliens versus Predator,1999,Windows 95/98
Aliens versus Predator,1999,Windows 95/98
Aliens versus Predator 2,2001,Windows
Aliens versus Predator 2 Primal Hunt,2002,Windows 98/ME/2000/XP
Aliens versus Predator Gold Edition,2000,Windows 95/98
Aliens vs Predator,2010,Windows XP/Vista/7
Alienware Recovery CD-ROM,2000,Windows
All Points Bulletin,2010,Windows 7/Vista/XP
Allied General,1995,Windows 95
Alone in the Dark 2,1993,DOS
Alone in the Dark: The New Nightmare,2001,Windows 95/98/98SE/2000
Alpha Prime,2007,Windows Vista/XP/2000
Alphabet Blocks,1993,Windows 3.1
Alphabet Number 1-100,2000,Windows 95/98 & Mac
AMA Superbike,1999,Windows 95/98/ME
Amazing Adventures the Caribbean Secret,2009,Windows 2000/XP/Vista/7
Amazing Learning Games with Rayman,1996,DOS 6.0 and Windows 95
America Online’s Interactive Guide to the Internet,2000,Windows 95/98/ME/NT/2000
American Greetings CreataCard,1999,Windows 95/98
American Greetings CreataCard Gold,1997,Windows 95
American Heroes Collection,2001,Windows
American Mcgee: Bad Day LA: Are You Prepared?,2006,Windows 2000/XP
American McGee’s Alice,2000,Windows
American Revolution: 2007 Avalanche,2007,Windows
Anachronox,2001,Windows
Anarchy Online,2001,Windows 95/98/ME/2000
Anarchy Online the Noctum Wars,2002,Windows 98/ME/2000/XP
Anarchy Online: Alien Invation,2004,Windows 98/ME/2000/XP
Ancient Secrets Quest for the Golden Key,2009,Windows XP
Animated Email,1999,Windows 3.1/95/98
Animated Story Book: Pocahontas,1995,Windows 95/98 and Mac
Anime Studio Debut 7,2010,Windows XP/Vista/7
Animorphs Know the Secret,2000,Windows 95/98
Anne McCaffrey’s Freedom First Resistance,2000,Windows 95/98
Aoi Nanase Vol.1,90’s?,Windows/Mac
AOL 9.0 Optimized,2008,Windows
Apache,1995,Windows 95
Aqua Nox,2001,Windows
Aquazone: Virtual Aquarium,2005,Windows 98/ME/2000/XP
Arcade America,1995,Windows 3.1/95
Arcanum,2001,Windows
Ariel’s Story Studio,1997,Windows 3.1/95 and Mac
Arma Combat Operations,2007,Windows 2000/XP
Armada 2525,1991,IBM PC
Armies of Exigo,2004,Windows
Armored Fist 3,1999,Windows 95/98/NT
Army Men 2,1999,Windows
Arnie Savage Combat Commando,1994,DOS 3.3
Arthur’s Computer Adventure,1997,Windows/Mac
Arthur’s Sand Castle Contest,2003,Windows and Mac
Artist Colony,2009,Windows XP/Vista/7
Arx Fatalis,2002,Windows XP/ME/2000/98
Assassin’s Creed,2008,Windows XP/Vista/7
Assassin’s Creed 2,2010,Windows XP/Vist/7
Assassin’s Creed 4 Black Flag,2013,Windows Vista/7/8
Assassin’s Creed Revelations,2011,Windows XP/Vista/7
Assassin’s Creed Syndicate Gold Edition,2015,Windows 7/8.1/10
Assassins Creed IV: Black Flag,2013,Windows Vista/7/8
Asteroids,1998,Windows 95/98
Astro Avenger II,2012,Windows XP/Vista/7
Atari Arcade Collection,2006,Windows 98/ME/2000/XP
Atari Arcade Hits 1,1999,Windows 95/98
Atari Arcade Hits 1,1999,Windows 95/98
Atlantis 2 Pack,2002,Windows 95/98/ME/2000
Atlantis The Lost Tales,1997,Windows 95
Atomic Bomberman,1997,Windows 95
ATV Rally,2003,Windows 95/98 & Mac
ATV Rally,2000,Windows
Austin Powers Operation: Trivia,1999,Windows 95/98
Austin Powers Pinball,2003,Windows 98/ME/XP
Auto Assault,2006,Windows 2000/XP
Avatar The Game,2009,Windows XP/Vista/7
Avatar the Last Airbender,2006,Windows 98/ME/2000/XP
Avencast: Rise of the Magic,2010,Windows XP/Vista/7
Avery Cardoza’s Slam-Tilt Pinball,2000,Windows 95/NT4/98/2000
AVG: Internet Security,2009,Windows 2000/XP/Vista/7
Axis & Allies,1998,Windows 95/98
Azrael’s Tear,1996,Windows 95
B-17 Flying Fortress,2002,Window 95/98/ME
B-17 Gunner Air War Over Germany,2001,Windows
Backyard Baseball,1997,Windows 95/3.1/Mac 7.0
Backyard Baseball 2001,2000,Windows 95/98
Backyard Baseball 2003,2002,Windows 98/ME/XP
Backyard Baseball and Backyard Soccer,1999,Windows 3.1/95/98/ME/2000 Mac 7.5.3
Backyard Basketball,2001,Windows 95/98/ME/2000 and Mac PowerPC
Backyard Football,1999,Windows/Mac
Backyard Football 2002,2001,Windows 95/98/ME/2000
Backyard Hockey,2002,Windows 98/ME/2000/XP
Backyard Hockey,2002,Windows 98/ME/2000/XP
Backyard Skateboarding,2004,Windows 98/ME/2000/XP
Backyard Soccer,1998,Windows 95/98/3.1/Mac 7.1
Bad Boys II,2005,Windows 98/ME/XP/2000
Bad Mojo: The Roach Game,2004,Windows 98/2000/XP
Baldur’s Gate,1998,Windows
Baldur’s Gate,1998,Windows
Baldur’s Gate II Shadows of Amn,2000,Windows
Baldur’s Gate II: Throne of Bhaal,2001,Windows
Balur’s Gate 2,2001,Windows 95/XP/Vista
Barrage,1998,Windows 95/98
Basic Quicken 2000,1999,Window 95/98/NT4
Basics of Keyboard Theory Computer Activities,2000,Windows 3.1/95/98
Batman Toxic Chill,2003,Windows/Mac
Batman: Arkham Knight,2015,Windows 7/8.1
Batman: The Videogame,2008,Windows Vista
Battle Arean Toshinden 2,1996,Windows
Battle Bugs,1994,DOS 5.0
Battle Chess Enhanced CD Rom,1992,DOS & Mac
Battle Cruiser 3000 AD: V2.0,1998,Windows 95/98
Battlechess Collection,1994,DOS
Battlefield 1942,2009,Windows Vista/XP/2000/98SE
Battlefield 1942,2002,Windows 98/2000/ME/XP
Battlefield 1942 Deluxe Edition,2003,Windows
Battlefield 1942 Road to Rome,2002,Windows 98/Me/2000/XP
Battlefield 1942: Secreat Weapons of WWII,2003,Windows
Battlefield 1942: The Road to Rome (Expansion),2002,Windows
Battlefield 2,2005,Windows XP
Battlefield 2 Complete Collection,2007,Windows
Battlefield 2 Deluxe Edition,2006,Windows
Battlefield 2 Special Forces (Expansion Pack),2005,Windows
Battlefield 2142,2006,Windows
Battlefield 3,2011,Windows Vista
Battlefield 4,2013,Windows Vista SP2
Battlefield Bad Company 2,2010,Windows 7/Vista/XP
Battlefield Vietnam,2004,Windows XP
Battlefield: Bad Company 2,2010,Windows 7/Vista/XP
Battleship,1997,Windows 95
Battleship & Risk,2012,Windows CP SP3/VIsta/7
Battleship: Classic Naval Warfare Game,1997,Windows 95
Battleship: Surface Thunder,2000,Windows 95/98
Bazooka Cafe,2007,Windows 98/ME/2000/XP/Vista
Beach Head 2002,2001,Windows 95/98/ME
Beavis and Butt-Head in Vitural Stupidity,1995,Windows 95
Bejeweled Twist,2008,Windows XP/Vista
Beneath A Steel Sky,1994,DOS 3.3
Betrayal in Antara,1996,Windows
Beyond Atlantis II: New Worlds Await You…,2001,Windows 98/ME/XP
Beyond Time,1999,Windows 98/95
Bible Touchdown,1999,Windows 95
Big Action Construction,1998,Windows 3.1/95/98 and Mac
Big Biz Tycoon,2002,Windows 98/ME/2000/XP
Big Fish- Trial Games,2008,Windows Vista/2000/XP
Big Metal Box 2,2005,Mac OS 10.2.3
Bioforge,1995,Windows
Bioscopia,2001,Windows 98/ME/NT/2000/XP and Mac OS 8.1
Bioshock,2007,Windows XP/Vista
Bioshock 2,2010,Windows 7/Vista/XP
Bioshock Infinite,2013,Windows Vista SP2
Bird Hunter 2003,2002,Windows
Bird Hunter Wild Wings Edition,2000,Windows 95/98
Bird Watcher The Interactive Birding Game,1999,Windows 95/98
Black & White 2,2005,Windows
Black & White: Creature Isle,2001,Windows XP/ME/2000/98/95
Black Hawk Down: Platinum Pack,2004,Windows 98/ME/2000/XP
Black Mirror Complete Edition,2016,Windows XP/Vista/7/8
Blazing Angels: Squadrons of WWII,2006,Windows XP
Blitzkrieg,2003,Windows
Blitzkrieg II and Liberation,2010,Windows 2000/ME/Vista
Blood of the Sacred Gabriel Knight 3 Blood of the Damned,1999,Windows
Blood Ties,2008,Windows XP/Vista
Blue’s ABC Time Activities,1998,Windows 95/98/Mac
Blueprint,1983,Commodore 64
Board Games,1994,DOS and Windows 3.1
Bob the Builder: Can We Fix It?,2001,Windows 95/98
Bob’s Castle Adventure,2003,Windows
Body Land,1995,Windows 3.1
Body Language: Cardiovascular and Nervous System,1986,Apple II
"Body Language: Digestive, Urinary and Reproductive System",1986,Apple II
Body Language: Muscular and Respiratory System,1986,Apple II
Body Language: Skeletal System,1986,Apple II
Body Works: 4.0 & Home Medical Advisor Pro Combo Pack,2001,Windows 95/98/ME/XP
Bodyworks 5.0,1995,Windows 3.1 or higher
Boggle,1997,Windows 95
Boggle,1997,Windows 95
Boiling Point,2005,Windows 2000/XP
Book Worm,2002,Windows & Mac
Book Worm Deluxe!,2019,Windows
Bookworm Adventures,2006,Windows
Borderlands,2009,Windows
Borderlands 2,2012,Windows XP/7/8
Borderlands 2 Game of the Year Edition,2013,Windows XP/7/8
Borderlands Double Game Add-On Pack,2010,Windows
Borderlands The Pre-Sequel,2014,Windows XP SP3
Bricks,1996,Windows 95/3.1/Mac
Bridge Baron II,2000,Windows 95/98/NT4.0 & Mac
Brink,2011,Windows Vista/XP/7
British Open Championship Golf,1998,Windows 95/98
Broken Sword: The Smoking Mirror,1997,Windows 95
Brothers in Arms Earned in Blood,2005,Windows 2000/XP
Brothers in Arms: Hell’s Highway,2008,Windows XP SP3/Vista SP1
Brothers in Arms: Road to Hill 30,2005,Windows 2000/XP
Brothers in Arms: Road to Hill 30,2005,Windows 2000/XP
Browning Hunting Game,1999,Windows 95/98
Brunswick Circuit Pro Bowling,1998,Windows 95
Brutal,2016,Windows 7
Bubble Town,2009,Windows
Bugdom,2002,Windows 98/ME
Busytown Best Activity Center Ever,1999,Windows 95/98/Mac
Busytown Best Activity Center Ever,1998,Windows 95/98
Cabbage Patch Kids Cuddle ‘n Care,2000,Windows 95/98
Cabela’s 4×4 Off-Road Adventure,2001,Windows 95/98/ME
Cabela’s Big Game Hunter Open Season,2002,Windows 95/98/ME/2000/XP
Cabela’s Dangerous Hunts,2004,Windows 98/ME/2000/XP
Cable One. Net,2002,Windows 95/98/2000/NT/ME/XP
Caesar 2,1996,Windows
Caesar 3,1998,Windows
Caillou Magic Playhouse,2001,Windows and Mac
Caillou Thinking Skills,2003,Windows 98/ME/2000/XP
Cake Maria Deluxe,2007,Windows 98SE/ME/2000/XP
Call of Duty,2003,Windows
Call of Duty 2 Game of The Year Edition,2005,Windows 2000/XP
Call of Duty 4: Modern Warfare,2007,Windows XP/Vista
Call of Duty 4: Modern Warfare,2007,Windows XP/Vista
Call of Duty 4: Modern Warfare,2007,Windows XP/Vista
Call of Duty Advanced Warfare,2014,Windows 7/8/8.1
Call of Duty Black Ops,2010,Windows Vista/XP/7
Call of Duty Ghosts,2013,Windows 7/8
Call of Duty Infinite Warfare,2016,Windows 7 or Later
Call of Duty Infinite Warfare,2016,Windows 7
Call of Duty Modern Warefare 2,2009,Windows Vista/XP
Call of Duty: Deluxe Box Set,2005,Windows 98/ME
Call of Duty: United Defense Expansion Pack,2004,Windows 98/Me/2000/XP
Call of Jarez,2007,Windows 2000/XP/Vista
Call to Power II,2000,Windows
Campus Student Life Simulation,2007,Windows 2000/XP/Vista
Card Games,2002,Palm OS and Windows CE
Care Bears: Care-a-Lot Jamboree,2003,Windows 98/ME/2000/XP
Carlton Cards CreataParty!,1999,Windows 95/98
Carmageddon,1997,Windows
Carmageddon 2: Carpocalypse Now,1998,Windows 95/98
Carmageddon High Octane,1998,DOS
Carmen Sandiego Junior Detective,1995,Windows/Mac
Carmen Sandiego’s Great Chase,1999,Windows 3.1/95/98
Carrier Fortress at Sea,1996,DOS 3.1
Cars Radiator Springs Adventures,2006,Windows 98/ME/2000/XP and Mac OSX 10.3
Cars Radiator Springs Adventures,2006,Windows 98/ME/2000/XP or Mac OS 10.3
Casino Empire,2002,Windows
Casino Master,1998,Windows
Casper the Interactive Adventure,1997,Windows 95/98
Castle,2013,Windows XP/Vista/7/8 and MacOS X 10.6
CatDog: Quest for the Golden Hydrent,1999,Windows 95/98
Catepillar,2006,Windows 98/ME/2000/XP
Caterpillar Adventures in Time,2000,Windows
Caterpillar Big Dirt Movers,1999,Windows 95/98
Catz,1996,Windows
CD Fonts!,1995,Windows
Celebrity Deathmatch,2003,Windows 98/ME/2000/XP
Championship Chess,1997,Windows 3.1/95
Chess Mates,1998,Windows
Chess Mega Database 2002,2002,Windows 95
Chessmaster 10th Edition,2004,Windows 98/ME/XP
Chessmaster 10th Edition,2004,Windows XP
Chessmaster 5000,1999,Windows 95/98
Chessmaster 8000,2001,Windows 95/98
Chicken Hunter,2004,Windows 98/98SE/ME/2000/XP
Chris Sawyer’s Locomotion,2004,Windows 98/Me/2000/XP
Christian Games,1999,Windows 95/98
Chuzzle Deluxe,2006,Windows 98ME/2000/XP
CIA Operative,2015,Windows 95/98/ME
Circuit City Binder,??,??
City Life 2008 Edition,2008,Windows 2000 SP2/XP/Vista
City of Heroes Going Rogue,2010,Windows XP/Vista/7
City Trader,2001,Windows 95/98/2000
CivCity Rome,2006,Windows 2000/XP
Civilization II,1996,Windows
Civization II Gold Edition,1998,Windows 95/98
Clandestiny,1996,Windows
Classic Oldies: PC Karaoke,1993,DOS
Clickart 10000,1999,Windows 3.1/95/98
Clifford the Big Red Dog Thinking Adventures,2000,Windows 98/2000/Me/XP and Mac
ClipArt Volume 2,1999,Windows 95/98
Close Combat Trilogy,1999,Windows
Clue Classic,2008,Windows XP/Vista
Clue Finders 3rd Grade Adventures,2000,Windows and Mac
Clue Finders 4th Grade Adventures,2000,Windows and Mac
Coastal Heroes,2002,Windows 98/ME/XP
Code Blue,2000,Windows 95/98 & Mac
Code Blue Critical Condition,2001,Windows 95/98
Codename: Panzers Phase One,2004,Windows 98/2000/ME/XP
Colin Mcrae Rally 2.0,2000,Windows
Colin Mcrae Rally 2005,2004,Windows 98SE/ME/2000/XP
Comand Conquer: Red Alerts 3,2008,Windows XP SP 2/Vista
Combat Flight Simulator 3,2003,Windows 2000/XP Windows 98/ME
Combat Mission II Special Edition,2003,Windows
Combat Mission Shock Force,2007,Windows XP
Combat Wins: Battle of Britain,2008,Windows 98/ME/2000/XP
Commanche 3,1997,DOS/ Windows 95
Command & Conquer 3 Tiberium Wars,2007,Windows XP/Vista
Command & Conquer Generals,2003,Windows
Command & Conquer Red Alert 2,2000,Windows 95/98/ME/2000
Command & Conquer Yuri’s Revenge,2001,Windows 95/98/ME/2000
Command & Conquer: The First Decade,2006,Windows XP
Command and Conquer,1996,Windows 95
Command and Conquer Generals Zero Hour,2003,Windows 98/ME/2000/XP
Command and Conquer Generals: Deluxe Edition,2005,Windows
Command and Conquer Red Alert,1997,Windows
Command and Conquer Red Alert 2 Soviet & Allied Discs,2000,Windows
Command and Conquer The First Decade,2006,Windows XP
Command and Conquer Tiberian Sun,1999,Windows 95/98/NT
Command and Conquer Tiberian Sun,1999,Windows 95/98/NT
Commandos 2: Men of Courage,2001,Windows 95/98/ME
Commandos 3,2003,Windows 98SE/ME/2000/XP
Commandos: Behind Enemy Lines,1998,Windows 95/98
Company of Heroes,2006,Windows XP/Vista
Company of Heroes Opposing Fronts,2007,Windows XP/Vista
Compaq Carbon Copy 32,1997,Windows 3.1/95/NT/CE
Complete Collection of 3 Classic Franchises,2015,Windows XP/Vista/7/DVD
Complete Guide to Dogs,1997,Windows 3.1/95
Complete Home,1997,Windows
Complete Home Gardener,1996,DOS 3.3 and Windows 3.1/95
Compton’s 3D World Atlas Deluxe,1998,Windows
Compton’s Encyclopedia 1999,1998,Windows
Compton’s Interactive Encyclopedia,1999,Windows 3.1/95/98
Computer War,1983,Atari 400/800/1200
Concise History of the Civil War Inteactive CD-ROM,2000,Windows 95/98/NT
Conflict Global Terror,2005,Windows XPSP2
Congo The Movie Descent Into Zinj,1995,Windows 3.1
Conquest Frontier Wars,2001,Windows
Conquest of the New World (Deluxe Edition),1997,Windows
Construction,1998,Windows
Contact Manager,2002,Windows 98/ME/XP
Contract J.A.C.K,2003,Windows 98/ME/2000/XP
Conversational Spanish,1980,Atari 400/800
Corel Draw! The Best in Graphics,1993,Windows 3.1
Corel Office Professional 7,1996,Windows 95
CorelDraw 10,2001,Windows 98/2000/NT 4.0/ME
Counter Strike Source,2005,Windows 98/ME/2000/XP
Cradle of Rome,2007,Windows 98/ME/2000/XP/Vista
Create and Play: Safari,1997,Windows 3.1/95 & Mac
Creation: God’s Wonderful Gift,2001,Windows 95/98/ME and Mac
Crescent Hawks Revenge,1990,DOS 3.0
Crime Wave,1990,MS DOS
Croc: Legend of the Gobbos,1997,Windows 95/98
"Crown Jewels 10,000",2007,Windows Vista/98SE/ME/2000/XP
Cruise Ship: Tycoon,2003,Windows 98/Me/2000/XP
Crusader: No Remorse,1995,Windows
Cryostasis,2009,Windows XP SP3/Vista SP1
Crysis,2007,Windows XP/7
Crysis 3,2013,Windows Vista/7/8
Crysis Warhead,2008,Windows XP/Vista
Crysis: Maximum Edition,2009,Windows XP/ME/2000/98
CSI: 3 Dimensions of Murder,2006,Windows 98/ME/2000/XP
CSI: Crime Scene Investigation interactive crime-solving adventure,2003,Windows
CSI: Dark Motives,2004,Windows 98/ME/2000/XP
CSI: Dark Motives,2004,Windows 98/ME/2000/XP
CSI: Hard Evidence,2007,Windows 2000/XP/Vista
Curious George Young Readers’ Series,1998,Windows 95/98/ME/2000/XP Macintosh System 7.5-9.2
Curious George: Learns Phonics,2000,Windows 95/98/ME/2000/XP
Cut Throats,1984,DOS & Mac
Cyberspeed,1995,Windows
CyborGirl Pinball,1995,MS DOS 3.0
Cydonia: Mars: The First Manned Mission,1998,Windows 95/98
D-Day,2004,Windows
D!Zone 150,1995,DOS 3.3
D.A. Pursuit of Justice The Gatsby Diamond Jewelry Theft,1997,Windows 95
Daikatana,2000,Windows 95/98/NT
Danger Zone,2001,Windows 2000/985/98 & Mac
Dangerous Waters,2004,Windows 98SE/ME/2000/XP
Daring to Fly: Multi Media,1994,DOS
Dark Age of Camelot,2001,Windows
Dark Age of Camelot Platinum Edition,2004,Windows 98/ME/XP
Dark Fall the Journal,2003,Windows 95/98/2000/ME/XP
Dark Lands,1992,DOS
Dark Messiah of Might and Magic,2006,Windows XP
Dark Star One,2007,Windows 2000/XP/Vista
Dark Vampires The Shadows of Dust,2005?,Windows
Dark Void,2010,Windows Vista/XP
Darkest of Days,2009,Windows XP
Darwinia,2006,Windows 98/2000/XP
Dave Mirra Freestyle BMX,2000,Windows 95/98
Dawn of War Soul Storm,2008,Windows 2000/XP
Dawn of War: Soulstorm,2008,Windows 2000/XP
Day Trader,2001,Windows 95/98/2000
DC Universe Online,2011,Windows XP SP3
Dead Lock: Planetary Conquest,1996,Windows
Dead Space 2,2011,Windows XP/Vista/7
Dead to Rights,2002,Windows
Death Gate,1994,MS-DOS 5.0
Death Rally,1996,Windows
Deep Sea Challenge,1998,Windows 95/98
Deep Sea Tycoon,2006,Windows 98/2000/Me/XP
Defender Pro 2011,2011,Windows XP/SP2/Vista/7
Dell Magazines Crosswords,2001,Windows 95/98/2000/ME
Delrina Perform,1994,Windows 3.1/MS DOS
Delrina Perform Tracer,1991,Windows 3.1/MS DOS
Delta Card for Windows,1997,Windows 3.1
Delta Force,1998,Windows 95/98
Delta Force 2,1999,Windows 95/98/NT
Delta Force Black Hawk Down,2003,Windows
Delta Force Black Hawk Down Platinum Pack,2004,Windows
Delta Force Land Warrior,2000,Windows
Delta Force Xtreme,2005,Windows
Demigod,2009,Windows XP/Vista
Demolition Company,2010,Windows XP/Vista/7
Depths of Peril,2008,Windows Vista/XP/2000/ME/98 & Mac 10.5
Descent I & II: Definitive Collection,1997,Windows 95
Desperate Housewives the Game,2006,Windows XP
Destiny 2,2017,Windows 7/8/10
Deus Ex Game of the Year Edition,2001,Windows 98/ME/XP
Deus Ex Human Revolution,2011,Windows Vista/7
Deuse Invisible War,2003,Windows 98SE/2000/XP
Devil May Cry 4,2008,Windows XP/Vista
Diablo,1996,Windows 95
Diablo,1998,Windows 95/NT/Mac
Diablo II,2000,Windows 95/98/NT/2000
Diablo II,2000,Windows 95/98/2000
Diablo II: Battle Chest,2001,Windows XP/Vista
Diablo II: Expansion Set,2000,Windows 2000/98/95/NT
Diablo III,2012,Windows XP/Vista/7
Die Hard: Nakatomi Plaza,2002,Windows 95/98/ME
Diner Dash,2006,Windows and Mac
Diner Dash 2,2006,Windows and Mac
Disciples 3: Renaissance,2010,Windows 7/Vista/XPSP2
Disciples II Dark Prophecy,2001,Windows 98/2000/ME/XP
Disciples II: Dark Prophecy,2002,Windows 95/98/ME/2000/XP
Disciples III Renaissance,2010,Windows 7/Vista/XP
Discover English and Wonders of the World,1997,"Windows 3.1/95/NT, Mac and OS/2 Warp"
Dishonored 2 Limited Edition,2016,Windows 7/8/10
Disney 3D Adventure: Mickey Saves the Day,2000,Windows 95/98
Disney Action Game Tarzan,1999,Windows 95
"Disney Monsters, INC. Scare Island",2001,Windows 95/98/ME/XP
Disney Print Creations Collection I,2002,Windows 95/98/ME/XP
Disney Print Creations Featuring Winnie the Pooh,2002,Windows 95/98/ME/XP
Disney Print Studio: Toy Story 2,1999,Windows 95/98
Disney Winnie the Pooh Activity Center,2000,Windows 95/98 and Mac
Disney’s 102 Dalmatians Puppies to the Rescue,2000,Windows 95/98
Disney’s Action Game: Dinosaur,2001,Windows 95/98/ME
Disney’s Ariel’s Story Studio,1997,Windows 3.1/95 and Mac System 7.1
Disney’s Atlantis the Lost Empire: Lost Games,2001,Windows 95/98/ME and Mac
Disney’s Cinderella’s Dollhouse,2001,Windows 95/98 and Mac
Disney’s Dinosaur Iguahodon Pond-A-Thon,2000,Windows 95/98 & Mac 8.1
Disney’s Extremely Goofy Skateboarding,2001,Windows 95/98/ME
Disney’s Junior Games: Tigger Activity Center,2001,WIndows 95/98/ME
Disney’s Magic Artist,1997,Windows 95
Disney’s Magic Artist Studio,1999,Windows 95/98/Mac
Disney’s Print Studio The Little Mermaid,1997,Windows
Disney’s Screen Scenes,1995,Windows
Disney’s Winnie The Pooh 123s,2002,Windows 95/98/Me/XP/Mac
Disney’s Winnie the Pooh Toddler,2001,Windows 95/98/ME and Mac OS 8.6
Disney’s You Can Fly! With Tinker Bell,2001,Windows 95/98/ME/XP
Divine Destiny,1999,Windows 95/98
Divinity II,2009,Windows XP/Vista
Dogs of War,2000,???
Dogz,1997,Windows 3.1/95/Mac
Don Maddox The Franco Benoni Chess Training,2003,Windows
Donkey Kong,1983,Apple II
Doom 2016,2016,Windows
Doom 3,2004,Windows 2000/XP
Doom 3,2004,Windows 2000/XP
Doom 3: BFG Edition,2012,Windows Vista/7
Doom 3: Resurrection of Evil,2005,Windows 2000/XP
Doom II,1994,DOS
Dora the Explorer Backpack Adventure,2002,Windows and Mac
Dracula The Days of Gore,2006,Windows 98/ME/2000/XP
Dracula Unleashed,1993,MS-DOS
Dragon Age 2,2011,Windows XP/VIsta/7
Dragon Age Orgins,2009,Windows XP/Vista/7
Dragon Age: Orgins Awakening,2010,Windows XPSP3/VistaSP1/7
Dragon’s Lair,1993,DOS
Dream Chronicles 2 The Eternal Maze,2008,Windows XP/Mac
Dream Day Wedding: Married in Manhattan,2008,Windows CP/Vista CD
Dream Day Wedding: Viva Las Vegas,2009,Windows XP/Vista
Dream Fall: The Longest Journey,2006,Windows XP SP2
Driver,1999,Windows 95/NT/98
Driver Pack: Bus Driver & Truck Driver Big Rig,2010,Windows XP/7
Driver: San Francisco,2011,Windows XP/Vista/7
Duck Hunter Pro,1998,Windows 95/98
Duke Caribbean,1997,Windows
Duke Mukem Manhattan Project Total Mutant Mayhem,2002,Windows
Duke Nuke’em Forever,2011,Windows XP/7/10
Duke Nukem 3D,1996,MS DOS
Duke Nukem 3D,1996,Windows
Duke Nukem Forever,2011,Windows XP/Vista/7
Duke Nukem Manhattan Project,2002,Windows
Duke!Zone,1996,MS DOS
Dune 2000,2001,Windows 95/98
Dune II,1992,DOS
Dungeon 2 Siege,2005,Windows XP SP1
Dungeon Keeper 2,1999,Windows 95/98
Dungeon Seige II,2005,Windows XP/SP1 or newer
Dungeon Seige III,2011,Windows XP/Vista SP1/ 7
Dungeon Siege,2002,Windows
Dungeon Siege 2: Broken World,2006,Windows XP SP1
Dungeons & Bragons Online Storm Reach,2006,Windows XP
DVD Copy Plus,2002,Windows
DW Bradley’s Cyber Mage,1995,MS DOS 5.0
EA Sports Collection 2003,2002,Windows
Earth 2160,2008,Windows 98/ME/2000/XP/Vista/Direct X
Easy CD Creator Starter Kit Version 5,2002,Windows 98/NT/ME/2000/XP
Easy Photo Suite,No specified year,Windows/Mac
Editors’ Choice Collection,1997,Windows 95/DOS
Educational System Cassettes,1979,Atari 400/800
Egg vs. chicken,2005,Windows
Electronic Arts: 10 for $20,2000,Windows 95/98
Elite Darts,1998,Windows 95/98/Mac
Elite Plus,1991,DOS 2.0
Emergency 2012,2012,Windows XP/Vista/7
Emergency Room,1995,DOS
Emperor: Rise of the Middle Kingdom,2002,Windows
Empire Earth,2002,Windows
Empire Earth,2001,Windows
Empire Earth II,2005,Windows 98/Me/2000/XP
Enemy Territory Quake Wars,2007,Windows XP/Vista
Enter the Matrix,2003,Windows 98/2000/ME/XP
Enter the Matrix,2003,Windows 98/Me/2000/XP
Escape From Monkey Island,2000,Windows 95/98/ME/2000
Escape the Emerald Star,2011,Windows XP/Vista/7
Escape Whisper Valley,2010,Windows XP/Vista/7
Escape Whisper Valley,2010,Windows XP/Vista/7
Eve Online,2003,Windows 98/ME/2000/XP
EVE Online,2009,Windows XP/Vista
Events That Changed the World,1995,DOS 5.0 and Windows 3.1 and System 7.0
Everquest II,2004,Windows 98SE/ME/2000/XP
Everquest II: Desert of Flames,2005,Windows 98SE/ME/2000/XP
EverQuest Shadows of Luclin,2001,Windows
EverQuest the Planes of Power,2002,Windows
Everquest Titanium Edition,2005,Windows
EverQuest Trilogy,2001,Windows
Everyman Chess CD Collection Samples,mid-2000s?,Windows 95/98/ME/2000/XP
Evolve,2015,Windows 7
Exodus Adventures,2007,Windows
Expert: Home Design,1993,MS DOS/DOS
Expert: Landscape,1992,MS DOS/DOS
Explorers of the New World,1995,Windows 95/3.1/Mac
Extreme Boards and Blades 2,2001,Windows 95/98
Extreme Paintbrawl 2,1999,Windows
F-117A NightHawk Stealth Fighter 2.0,1991,DOS
F.E.A.R,2005,Windows 2000/XP
F.E.A.R Extraction Point,2006,Windows 2000/XP/Vista
F.E.A.R Perseus Mandate,2007,Windows 2000/XP/Vista
F/A-18 Hornet 3.0,1997,Mac OS/Windows 95
F1 2000,2000,Windows 95/98
F1 2000,2000,Windows 95/98
F1 2002,2002,Windows
F22 Lightning,1999,Windows 95/98/NT
F22 Lightning II,1997,DOS & Windows 95
F22 Raptor,1997,Windows 95
Fade to Black,1995,MS-DOS
Falcon 3.0,1991,DOS
Fallen Angel Sacred 2,2008,Windows XP
Fallout,1997,Windows 95
Fallout 3,2008,Windows XP/Vista
Fallout 4,2015,Windows 7/8/10
Fallout 4,2015,Windows 7/8/10
Family Fun Pack,2006,Windows
Family Game Pack,1997,Windows 95
Family Memory Maker,1997,Windows 3.1/95
Family Tree Maker Version 3,2000,Windows
Fantastic 4,2005,WIndows 98/ME/2000/XP
Far Cry,2004,Windows 98/2000/ME/XP
Far Cry 2,2008,Windows XP/Vista
Farcry 4: Limited Edition,2014,Windows 7/8/8.1
Farm Frenzy Forever,2011,Windows Vista/7
Farming Simulator: Titanium Edition,2014,Windows XP SP3/Vista SP2/7/8 Mac OS X
Fast Lanes Bowling,2003,Windows 98/Me/2000/XP
Fate,2006,Windows 2000SP4/XP
Fate The Cursed King,2011,Windows
Fate Undiscovered Realms,2008,Windows XP/Vista
Fear 2: Project Origin,2009,Windows Vista/XP
Feeding Frenzy 2 Shipwreck Showdown,2006,Windows 2000/XP/Vista
Fetch,2006,Windows 98/ME/XP
Fetch,2006,Windows98/ME/XP
FIA-18 Operation Iraqu Freedom,2003,Windows 98/Me/2000/XP
Fifa 06 Soccer,2005,Windows
FIFA 2001,2000,Windows
FIFA 98,1997,Windows 95
Fifa Soccer 2002,2001,Windows 95/98/2000/ME/XP
Fighter Duel,1995,DOS
Fighter: Ultimate PC Fighting Game,1995,DOS
"Film Fatale Lights, Camera, Madness!",2012,Windows XP/Vista/7
Final Conguest,1998,Windows 95
Final Fantasy XI Online,2003,Windows 98/98SE/ME/2000/XP
Final Fantasy XI Online the Vana’diel Collection,2005,Windows 2000/XP
Finding Nemo,2003,Windows 98/ME/XP/2000
Finding Nemo Nemo’s Underwater World of Fun,2003,Windows 98/ME/XP/2000/Mac
Finding Nemo: Nemo’s Underwater World of Fun,2003,Windows 98/ME/XP/2000
FinForm,1982,Aquarius Home Computer
Fire Hawk Thexder The Second Contact,1990,DOS
Firestarter,2004,Windows 98/2000/XP
Fishco,2012,Windows XP/Vista/7
Five-A-Side Soccer,1985,Commodore 64
FlatOut 2,2006,Windows 2000/XP
Flying Corps Gold,1997,Windows 95/DOS
Football Manager 2009,2008,Windows Vista/XP and Mac OS X 10.5.5
Football Mogul,1999,Windows 95/98
Football Pro,1998,Windows
Force 21,1999,Windows
Forgotten Realms Archives Silver Edition,1999,Windows
Forms Maker and Filler,2005,Windows 98SE/ME/2000/XP
Forsaken,1998,Windows 95
Fox Kids Presents eGames Pack,2000,Windows 95/98
Freddi Fish 3 The Case of the Stole Conch Shell,1998,Windows 95/3.1/Mac
Freddi Fish and The Case of The Missing Kelp Seeds,1996,Windows 95/3.1/Mac
Freedom Fighters,2003,Windows
Freedom Force,2005,Windows
Freelancer,2002,Windows 98/ME/2000/XP
Freelancer,2002,Windows 98/ME/2000/XP
Freelancer: Universe of Possiblity,2002,Windows 98/2000/ME/XP
Freespace 2,1999,Windows
Fritz Chess Grandmaster Challenge III,2009,Windows 98/ME/2000/XP/Vista
Fritz Chess Grandmaster II,2010,Windows XP/Vista
Frog Master,1983,Commodore 64
Frogger,1997,Windows 95
Frogger 2 Swampy’s Revenge,2000,Windows 95/98
From Dusk Till Dawn,2002,Windows 95/98/ME/XP
Front Mission Evolved,2010,Windows XP/Vista/7
Front Page Sports Golf,1997,Windows
FUEL,2008,Windows XP/Vista
Full Spectrum Warrior,2004,Windows
Full Throttle,2001,Windows 95/98
Fun School in Dream Land,1995,Windows 3.1/95
FunPack,1993,DOS
G-Nome,1996,Windows
G.I. Combat Episode 1: Battle of Normandy,2002,Windows
Gabriel Knight: Sins of the Fathers,1996,Windows
Galactic Assault,2007,Windows
Galaxy of 3D Tetrimania,2000,Windows 95/98
Galaxy of Games 1001,2005,Windows 98/ME/2000/XP
Galaxy of Games 2,1996,Windows 3.1/95
Galaxy of Games Solitaire,1998,Windows 95/98
Game House,2008,Windows
Games 4 Boys,2009,Windows XP/2000
Gangland,2004,Windows 98/98SE/ME/2000/XP
Garfield: A Tail of Two Kitties,2006,Windows
Gates of Graceland and 1963,2012,Windows
Gateway 2000 Version of Mayo Clinic & CashGraf,2000,Windows
Gateway 2000 Version of Mayo Clinic & Cashgraf 2.22,2000,Windows
Gears of War,2007,Windows Vista/XP
Geography: the World and It’s People,????,Windows 3.1 and Power Mac
Geometry Blaster,1996,Windows 3.1/95 & Mac
Ghost Recon Advanced Warfighter 2,2007,Windows XP/Vista
Ghost Recon The Original & Island Thunder,2002,Windows 2000/XP
Glasklar Interactive Technology,2000,Windows 95
Glittermitten Grove,2019,Windows
Global Operations,2002,Windows 98/2000/ME/XP
Global Operations,2002,Windows XP/ME/2000/98
Goosebumps Escape from Horrorland,1996,Windows 95
Grammar Games,1996,Windows 95/3.1/Mac
Grand Prix Legends,1998,Windows
Grand Prix Manager,1995,Windows
Grand Theft Auto III,2002,Windows 98/2000
Grand Theft Auto III,2004,Windows 95/98/ME/2000
Grand Theft Auto San Andreas,2005,Windows 2000/XP
Grand Theft Auto San Andreas Second Edition,2008,"Windows 2000, XP, Vista"
Grand Theft Auto: IV,2008,Windows Vista/XP
Grand Theft Auto: The Trilogy,2009,Windows 2000/XP/Vista
Grandprix 3,2000,Windows 95/98
Grandprix 3,2000,Windows 95/98
Gravitar,2004,Windows 98
Great Adventures Castle,1995,Windows 95/3.1
Great Adventures Pirate Ship,1996,Windows 95/3.1
Great Adventures Wild Western Town,1997,Windows 3.1/95/98 and Mac
Great Big War Game,2012,Windows XP/Vista/7
Great Big War Game,2012,Windows XP/Vista/7
Grossest Book Quebec,1995,Mac
Ground Control,2001,Windows 95/98/2000/ME
Ground Control: Operation Exodus,2014,Windows 98/2000/ME/XP
GTA 2,1999,Windows
GTR 2: FIA GT Racing Game,2006,Windows 2000/XP
GTR 2: Realism Redfined,2006,Windows 2000/XP Home/Pro
Guardians of Infinity: To Save Kennedy,1988,DOS
Guess Who?,1999,Windows 95/98
Guess Who?,1999,Windows 95/98
Guild Wars,2005,Windows
Guild Wars Factions,2007,Windows 98/ME/2000/XP
Guild Wars Factions Pre-Order Edition,2006,Windows 98/ME/2000/XP
Guild Wars: Factions Collector’s Edition,2006,Windows 98/ME/2000/XP
GuildWars: Nightfall,2006,Windows XP/2000/ME/98
GUN,2005,Windows 2000/XP
Gun,2005,Windows 2000/XP
Gunman Chronicles,2000,Windows 95/98/2000/ME/NT 4.0
Gunman Chronicles,2000,Windows 95/98
Gunn Runner,2019,Windows 7 or Later
Gunship!,2000,Windows 95/98
H&R Block Tax Cut,2008,Windows
Half Life,2001,Windows
Half Life 2,2006,Windows 98/2000/ME/XP
Half Life 2,2004,Windows 2000/XP/ME/98
Half-Life,1998,Windows 95/98
Half-Life,1998,Windows 95/98
Half-Life 2 Collector’s Edition,2004,Windows
Half-Life 2: Collectors Edition,2004,Windows XP
Half-Life Blue Shift,2001,WIndows 95/98/ME/2000
Half-Life Blue Shift,2001,Windows 95/98/ME/2000
Half-Life Counter-Strike,2000,Windows
Half-Life Opposing Force,1999,Windows 95/98
Half-Life Opposing Force,1999,Windows 95/98
Half-Life Platinum,2000,Windows 95/98
Halo Combat Evolved,2003,Windows 98SE/ME/2000/XP
Hard Truck II,2000,Windows
Harley-Davidson Race Across America,1999,Windows 95/98
Harpoon,1988,Amiga
Harpoon Classic,1994,Windows DOS 5.0/3.1/Mac 7.0
Harry Potter and the Chamber of Secrets,2002,Windows
Harry Potter and the Goblet of Fire,2005,Windows XP/Vista???
Harry Potter and the Sorcerer’s Stone,2001,Windows
Harry Potter Quidditch World Cup,2003,Windows
Has Been Heroes,2017,Windows 7 or Later
Hawaii High the Mystery of the Tiki,1993,Windows 3.1 and Mac 7.0
Hawaiian Explorer Pearl Harbor & Lost Island,2009,Windows XP/2000/Vista
Heart Mix,90’s?,Windows 95/98/Mac
Hearts of Iron II,2005,Windows
Heaven Quest,1998,Windows 95
Heavy Fire Afghanistan: Reload,2013,Windows VIsta/7
Heavy Gear,1997,Windows 95
Heavy Gear,1997,Windows
Heavy Gear 2,1998,Windows
Hegemonie Legends of Iron,2002,Windows 98/ME/2000/XP
Helldorado,2009,Windows Vista/XP/2000
Hello Kitty Big Fun Deluxe,1994,Windows
Herbal Guide,2001,Windows 3.1
Heretic II,1998,Windows 95/98
Herod’s Lost Tomb,2009,Windows XP/Vista CD
Heroes Chronicles: Conquest of the Underworld,2000,Windows 95/98/NT
Heroes of Might and Magic II,1996,DOS and Windows 95
HGTV Instant Makeover,2010,WindowsXP/Vista/7
Hi-Octane Games,1996,Windows 95
Hidden & Dangerous 2,2003,Windows
Hidden & Dangerous Deluxe,2002,Windows 98/ME/XP
Hidden Mysteries November 1963,2012,Windows 7/Vista/XP SP1 & 2
High Heat Baseball,1999,Windows 95/98
High Heat Major League Baseball 2004,2003,Windows 98/ME/XP
High Heat Major League Baseball 2004,2003,Windows 98/ME/XP
Highlights Puzzlemania,90’s?,Windows 3.1/95/ Macintosh
Hinterland Orc Lords,2009,Windows XP/Vista
History of the World,1995,Windows 3.1
Hitman 2: Silent Assassin,2002,Windows
Hitman Codename 47,2000,Windows
Hitman Codename 47 & Project IGI,2000,Windows 95/98
Hitman Contracts,2004,Windows 98/2000/XP
Home Medical Advisor,1997,Windows 95
Home Medical Advisor Pro Version 4.0,1995,Windows 3.1
HomeFront,2011,Windows CP/Vista/7
Homefront The Revolution,2016,Windows 7/8/10
Homeworld,1999,Windows
Homeworld Cataclysm,2000,Windows
Hooters Road Trip,2002,Windows 95/98/ME/XP
Hot Rod American Street Drag,2003,Windows
Hot Wheels Beat That!,2007,Windows XP/Vista
Hot Wheels Crash!,1999,Windows 95/98
Hot Wheels Micro Racers,2000,Windows 95/98
Hot Wheels Official Collector’s Guide,1998,Windows
Hot Wheels Velocity X,2002,Windows 98/ME/XP
Hotel,2010,WIndows
Hoyle Board Games,1999,Windows
Hoyle Board Games,2005,Windows 98SE/ME/2000/
Hoyle Card Games,2001,Windows
Hoyle Casino,2000,Windows 95/98
Hoyle Mahjong Tiles,2000,Windows 95/98
Hoyle Solitaire,2000,Windows 95/98/Mac
Human Body,2001,Windows 95/98/ME/NT
Hunt,2006,Windows 2000/XP
Hunting Unlimited 2011,2010,Windows XP/Vista/7
Hyper 3-D Pinball,1995,Windows
Hyper Blade,1996,Windows 95
I Am Bread,2015,Windows 7/8
I Spy Fantasy,2003,Windows 95/98/2000/ME/XP & Mac
I Spy Mystery,2006,Windows 98/2000/Me/XP & Mac
I Spy Spooky Mansion,1999,Windows 95/98/Mac
I Spy: Junior,1999,Windows 95/98 & Mac 7.5
I Spy: Parent’s Guide,1997,Windows 3.1/95 & Mac 7.1
I Spy: Treasure Hunt,2001,Windows 95/98/2000/ME/XP & Mac 7.6.1
Ice and Fire,1995,Windows
Icewind Dale,2000,Windows 95/98
Icewind Dale,2000,Windows 95/98
IGT Slots Little Green Men,2011,Windows 7/Vista/XP/Macintos OS X
IGT Slots Wolf Run,2010,Windows 7/Vista/XP
IL-2 Sturmovik 1946,2006,Windows 98/ME/2000/XP
IL-2: Forgotten Battles Ace Expansion Pack,2004,Windows 98/ME/XP/2000
Imagine Fashion Designer,2007,Windows Vista/XP/2000
Imperium Galactica II: Alliances,2000,Windows 9x
In Persuit of Greed,1996,DOS
In Search of the Lost Words,1997,Windows
In-Fisherman,2004,Windows 98/2000/ME/XP
Incredible Toon Machine,1994,DOS/DOS CD-ROM/Mac
Independence Day,2000,Windows 95
Independence War 2: Edge of Chao,2000,Windows
Innerspace,1995,Windows
Insurrection,1998,Windows 95
Intel Teach Program Essentials Course,2011,Windows 2007/2003/XP/Mac
Inter Galleon Battle,1983,Atari 400/800
International Tennis Open,1994,Windows 3.0
Interpol the Trail of Dr. Chaos,2008,Windows 98/ME/2000/XP/Vista
It’s Deductible,2001,Windows 95/98/NT/ME/2000/XP
Jack Nicklaus: The Tour Collection,1994,DOS
Jagged Alliance 2: Unfinished Business,2000,Windows 95/98
Jagged Alliance 2: Wild Fire,2007,Windows XP/2000
Jagged Alliance Crossfire,2012,Windows XP/Vista/7
Jagged Alliance: Back In Action,2012,Windows XP SP2/Vista/7
Jagged Alliance: Back in Action,2012,Windows XP/Vista/7
Jagged Alliance: Unfinished Business,2000,Windows 95/98
James Patterson Women’s Murder Club,2008,Windows/Mac
Jammit,1994,DOS
Jane’s Fighters Anthology,1997,Windows 95
Jane’s Hotel,2008,Windows ME/2000/XP/Vista
Jane’s WWII Fighters,2000,Windows 95/98
Jane’s WWII Fighters,1998???,Windows
Jasc Paint Shop Pro 7,2003,Windows 95/98/NT4/2000
Jeopardy Second edition,2000,Windows 95/98
Jeopardy!,1987,Commodore 64/128
Jeopardy! Second Edition,1988,Commodore 64/128
Jeopardy! Sports Edition,1988,Commodore 64/128
Jetboad Racing 2,2001,Windows 98/ME
Jetfighter 2015,2005,Windows
Jetfighter IV Fortress America,2000,Windows 95/98
Jimmy Houston’s Bass Tournament USA,1996,Windows 95
Joint Operations: Escalation Expansion Pack,2004,Windows
Joint Operations: Typoon Rising,2004,Windows
Joint Strike Fighter,1998,Windows 95
Jonah a VeggieTale’s Game,2002,Windows 98/2000/ME/XP
Journey to Stoehenge,2003,Windows 98
Jubilee’s Journey,1997,Windows/Mac
Judge Dredd: Dredd vs Death,2003,Windows
Jumble,1998,Windows 95/98
Jump Raven,1993,Mac 6.08
Jump Start 2nd Grade Math,1997,Windows/Mac
Jump Start ABC’s,1999,Windows 95/98 and Power Mac
Jump Start Music,1998,Windows 95/98 and Power Mac
Jump Start Pre-K,1996,Windows 98/3.1/3.11 & Mac
Jump Start Spelling,1998,Windows 95/98 & Mac
Jump Start: Advanced Preschool,2006,Windows 98/ME/2000/XP/Vista Mac Workstation
Jumpstart Adventures 5th Grade,1997,Windows and Mac
Jumpstart Artist,2007,Windows 98/ME/2000/XP/ Macintosh
JumpStart Kindergarten,1996,Windows 95 and Mac
Jumpstart Kindergarten,1995,MS-DOS
Jumpstart Kindergarten Deluxe,2000,Windows 98/95/ Power Macintosh
JumpStart Phonics,2003,Windows 98/ME/2000/XP/ Macintosh workstation
Jungle Book,1996,Windows 3.1/95
Kane & Lynch Dead Men,2007,Windows XP/Vista
Kanoron!,90’s?,Windows 95/98
Keep It Simple World Photo,1997,Windows 3.1/95
Keys of the Kingdom,2009,Windows 98/2000/Me/XP/Vista
Kid Pilot,1998,Windows 98/95
Kid Pix Deluxe 3,2000,Windows 95/98/NT and System 8
Kid Pix Deluxe 4 Home Edition,2008,Windows XP and OS X 10.2
Kill Switch,2004,Windows
Killing Time,1996,Windows
Kinderventures Pocket & Tails Go Exploring,1995,Windows 3.1/Mac 7.0
King Solomon’s Trivia Challenge Volume I,2010,Windows XP/Vista/7
King’s Quest IV: Perils of Rosella,1988,DOS
King’s Quest VI,1993,DOS
Kingpin: Life of Crime,1999,Windows 95/98/NT
Kiss Pinball,2000,Windows 95/98
Kitchen Gourmet,1996,DOS 5.0 and Windows 3.1/95
Knight Games,1986,Commodore 64
Kohan Immortal Sovereign,2001,Windows 9x/2000/ME
L-Zone,1994,Mac and Windows 3.1
Lands of Lore Guardians of Destiny,1997,Windows
Lara Croft Tome Raider: Angel of Darkness,2003,Windows 98SE/ME/2000/XP
Learn How to Buy and Sell on eBay,2006,Windows
Left 4 Dead,2008,Windows XP/Vista/Vista64
Left 4 Dead,2008,Windows CP/Vista/Vista64
Left 4 Dead 2,2009,Windows 7/Vista/XP
Left Behind 3: Rise of the Antichrist,2010,Windows XP SP11/Vista 7
Legend the Hand of God,2008,Windows XP/Vista
Lego Chess,1998,Windows
Lego Creator: Harry Potter,2001,Windows
Lego Creator: Harry Potter,2001,Windows
Lego Island,1997,Windows 95
LEGO Rock Raiders,1999,Windows 95/98
LEGO Software,2001,Windows
Lego Star Wars the Video Game,2005,Windows 2000/XP
Lego Star Wars: Video Game,2005,Windows 2000/XP
Lego Stunt Rally,2000,Windows
Legoland,2000,Windows
Lemmings Revolution,2000,Windows
Lemony Snicket’s A Series of Unfortunate Events,2004,Windows 98/ME/2000/XP
Lemony Snicket’s A Series of Unfortunate Events,2004,Windows 98/ME/2000/XP
Let’s Ride Dreamer,2005,Windows XP
Lighthouse The Dark Being,1996,Windows
"Lights, Camera, Curses",2009,Windows XP/Vista
Lilo & Stitch Hawaiian Adventure,2001,Windows 95/98/ME/XP and Mac
Lineage 2,2004,Windows XP/ME/2000/98
Links,1991,MS-DOS 3.1
Links championship Edition,2001,Windows
Linux Mandrake 7.0 Complete,2000,Linux
Liong: The Lost Amulets,2009,Windows XP/Vista/7
Looney Tunes Merrie Masquerades Animated Jigsaws,1998,Windows
Looney Tunes Wuv & Marriage Animated Jigsaws,1998,Windows
Lords of Magic Special Edition,1998,Windows
Lords Royal Collection,1997,MS-DOS 5.0 and Windows 95 and Mac
Lost The Video Game,2008,Windows Vista/XP
M1 Tank Platoon,1998,Windows 95
MacCube: Arcade Games Volume 1,1995,Mac
Madden 08,2007,Windows
Madden 2003,2002,Windows XP/ME/2000/98
Madden 2003,2002,Windows 98/2000/ME/XP
Madden 2004,2003,Windows XP/ME/2000/98
Madden 2004,2003,Windows
Madden 2008,2007,Mac
Madden Football: Limited Edition,1996,Windows
Madden NFL 98,1997,Windows
Madeline European Adventures,1999,Windows 3.1/95/98
Madeline European Adventures: User’s Manual,1996,Windows 3.1/95
Madeline Rainy Day Activities,1998,Windows 98/95/3.1/Mac
Madeline Thinking Games,1998,Windows 95/98/NT & Mac
Mafia 3: Deluxe Edition,2016,Windows 7
Mafia III,2016,Windows 7
Magic Match: Journey tot he Lands of Arcane,2006,Windows 95/98/98SE/ME/2K/XP
Magnetic- The Game of Games,2003,Windows
Mail Works,1994,DOS 6.2
Majesty,2000,Windows 95/98
Mall Tycoon 2,2003,Windows 98/ME/XP
Mall Tycoon 2 Deluxe,2004,Windows
Mankind,2000,Windows 98/95
Marine Sharpshooter,2003,Windows
Marine Sharpshooter Golden Bullet Edition,2006,Windows
Mario Teaches Typing: Enhanced,1994,Mac
Mark Schlichting’s Harry and the Haunted House,1994,Windows 3.1/Mac
Marvel Ultimate Alliance,2006,Windows 2000/XP
Mask of the Betrayer,2007,Windows XP
Masque Video Slots,2003,Windows 95/98/NT/2000/ME/XP & Mac OS X
Mass Effect,2008,Windows XP/Vista
Mass Effect 3,2012,Windows XP/Vista/Win7
Mass Effect Andromeda,2017,Windows 7/8.1/10
"Master Chess 5000, Nalimov, and Ultimate Game Collection 6",2005,Windows
Master Cook Express,1998,Windows 98/98/Mac
Master Levels for Doom II,1995,DOS
Master Levels for Doom II,1995,Windows
Master of Magic,1986,Commodore 64
Math Blaster Mission 3: Space Defenders!,2000,Windows 95/98/ME/2000 and Mac OS 8.1
Math Rabbit,1998,Windows 3.1/95/98 and Mac
Matrix Online,2005,Windows XP
Max and the Haunted Castle,1997,Windows 3.1/95
Max Payne,2001,Windows 95/98/ME/2000
Max Payne,2001,Windows
Max Payne 2 The Fall of Max Payne,2003,Windows
Max Payne 2: The Fall of Max Payne,2003,Windows 98/2000
Maximum Tycoon: Railroad Tycoon Platinum and Airport Tycoon 2,2003,Windows 98/ME/2000/XP
McDonaldland Card Workshop,1997,Windows 95
McDougal Littel Lab Generator,????,Windows 2000/ME/XP/Macintosh
MDK 2,2000,Windows 95/98/ME/2000
Mechwarrior 4 Mercenaries,2002,Windows 98/ME/2000/XP
Mechwarrior 4: Vengeance,2000,Windows
Mechwarriors 3,1999,Windows 95/98
Medal of Honor Allied Assault,2003,Windows
Medal of Honor Allied Assault,2002,Windows
Medal of Honor Allied Assault Breakthrough,2003,Windows 95/98/ME/2000/XP
Medal of Honor Allied Assault Breakthrough,2003,Windows
Medal of Honor Allied Assault Spearhead,2002,Windows
Medal of Honor Allied Assault War Chest,2004,Windows
Medal of Honor Allied Assult Breakthrough,2003,Windows XP/ME/2000/98/95
Medal of Honor Limited Edition,2010,Windows XP/Vista/7
Medal of Honor War Fighter,2012,Windows Vista SP2
Medal of Honor: Airborne,2007,Windows
Medal of Honor: Pacific Assault,2004,Windows
Medieval 2 Total War,2006,Windows 2000/XP
Medieval Total War Gold Edition,2006,Windows 98/2000/ME/XP
Mega Sudoku Plus,2005,Windows 98/ME/2000/XP
Men’s Health,1996,Windows/Mac
Mental Math Games,1995,Windows 3.1
Mercenaries 2: World in Flames,2008,Windows XP/Vista
Merger Mayer’s Just Me and My Dad,1996,Windows and Mac
MetalTech: Earth Siege,1994,DOS 5.0
Mickey and Crew Print Studio: Deluxe Edition,1997,Windows 3.1
Mickey Saves the Day: 3D Adventure,2001,Windows 95/98
Mickey’s Runaway Zoo: Fun with Numbers,1991,DOS
Microsoft Baseball 2000,1999,Windows 98
Microsoft Cinemania 96,1995,Windows 95
Microsoft Dangerous Creatures,1994,Windows 3.1
Microsoft Digital Image 9 Pro,2003,Windows 98/ME/2000/XP
Microsoft Flight Simulator,1995,Windows/DOS
Microsoft Flight Simulator 2000,1999,Windows 95/98
Microsoft Flight Simulator 2000 Professional Edition,1999,Windows
Microsoft Flight Simulator 2002,2006,Windows 98/Me/2000/XP
Microsoft Flight Simulator 2004,2003,Windows
Microsoft Flight Simulator for Windows 95,1996,Windows 95/98/2000/ME
Microsoft Flight Simulator X,2006,Windows XP SP2/Vista
Microsoft Front Page 2000,1999,Windows 95/98
Microsoft Front Page 98,1997,Windows NT/95
Microsoft FrontPage 2000,2000,Windows 95/NT
Microsoft Golf,1993,DOS
Microsoft Golf,1996,Windows 95
Microsoft Graphics Studio Publisher 98,1998,Windows NT/98
Microsoft Greetings 2000,1999,Windows NT
Microsoft Greetings 99,1998,Windows 95/98
Microsoft Home Essentials 97,1996,Windows
Microsoft Links 2001,2001,Windows
Microsoft MS DOS: Operating System,1988,MS DOS
Microsoft Office 2000: Standard,2000,Windows
Microsoft Office 97: Professional Edition,1996,Windows NT/95
Microsoft Office Home and Student 2007,2007,Windows
Microsoft Office Home and Student 2010,2010,Windows
Microsoft Office Outlook 2010,2010,Windows
Microsoft Office Publisher 2003,2003,Windows
Microsoft Office Standard Edition 2003,2003,Windows Server 2003
Microsoft Office Student and Teacher Edition 2003,2003,Windows
Microsoft Office XP Standard for Students and Teachers,2002,Windows XP/2000/ME/98/NT
Microsoft Outlook 97,1996,Windows 95/NT
Microsoft Pinball Arcade,1998,Windows 98
Microsoft Streets & Trips 2007,2006,Windows 2000/Server 2003/XP
Microsoft Streets & Trips 2008,2007,Window Server 2003/XP/Vista
Microsoft Windows 95,1996,Windows
Microsoft Windows 95 with USB Support,1995,Windows 95
Microsoft Windows NT and Networking Solutions,????,Windows
Microsoft Windows XP Professional,2001,Windows XP
Microsoft Windows XP Professional,2001,Windows XP
Microsoft Word,1993,Macintosh
Midnight Club II,2003,Windows 98/2000/ME/XP
Midtown Madness 2,2000,Windows
Might and Magic VI the Mandate of Heaven,1998,Windows 95/98
Might and Magic VII,1999,Windows
Mike Ditka: Ultimate Football,1991,DOS
Minigolf Master 2,2002,Windows 95/98/ME/2000/XP
Mirror’s Edge,2008,Windows XP SP2/Vista
Miss Spider’s Tea Party,1999,Windows 95/98
Mission Critical,1995,MS-DOS and Windows 95
Mission Force: Cyber Storm,1996,Windows 95
Mob Rule,1999,Windows 95/98
Mon Club Hippique: Cheval Star,2007,Windows 2000/XP
Monday Night Football 98,1997,Windows 95
Monopoly,1995,Windows
Monopoly Spongebob Squarepants Edition,2008,Windows ME/2000/XP and Mac OS X 10.3
Monster Madness Battle for Suburbia,2007,Windows XP/Vista
"Monsters, INC: Bowling for Screams",2001,Windows 95/98/ME
"Monsters, Inc. Eight Ball Chaos",2001,Windows 95/98/ME and Mac
"Monsters, Inc.: Monster Tag",2001,WIndows 95/98/ME
Moonbase Commander,2002,Windows 98/ME/2000/XP
Mortal Kombat II,1994,DOS
Mortimer Beckett and the Time Paradox,2009,Windows XP/Vista/7
Mortyr 2093-1944,1999,Windows 95/98
Moto Racer,1997,Windows 95
Motorcross Madness 2,2000,Windows
Mount & Blade,2008,Windows
Mount & Blade WarBand,2010,Windows 2000/ME/XP/Vista/7
Mountain Dew Presents Extreme Boards & Blades,1999,Windows 95/98
Movavi: Video Suite Drone Edition,2016,Windows 7/8/10
Ms. Pac-Man Quest for the Golden Maze,2001,Windows 95/98/ME
Mulan Print Studio,1998,Windows 95
Mummy Tomb of the Pharaoh,1996,Mac
Muppet Kids Preschool Deluxe,1998,Windows 95/98 and System 7
Muscle Car 76,2001,Windows 98/ME
Music Studio Pro,2007,Windows
My Diary,1994,DOS 3.3
My Disney Kitchen,1990s?,Windows 95/98
My First Amazing History Explorer,1998,Windows 95/98 and System 7
My Horse and Me,2007,Windows XP/Vista
Myst,1996,Windows 3.1
Myst,1996,Windows 3.1/95
Myst 5: End of Ages,2005,Windows 2000/XP
Myst III: Exile,2001,Windows 95/98/ME
Myst Masterpiece Edition,1999,Windows 95/98
Mysterious City Adventures,2009,Windows XP/Vista
Mystery Case Files Return To Ravenhearst,2009,Windows XP/Vista
Mystery P.I. Lost in Los Angeles,2009,Windows XP/Vista/7
Mysteryville2/Pirateville,2009,Windows
Myth II: Soulblighter,1998,Windows 95/98 & Mac OS
Myth: The Fallen Lords,1997,Windows
NAM,1998,DOS
Nancy Drew Secrets Can Kill,1998,Windows 95/98
Nancy Drew Secrets Can Kill,2001,Windows 95/98/ME
Nancy Drew: Last Train to Blue Moon Canyon,2005,Windows 98/ME/2000/XP
Nancy Drew: Legend of the Crystal Skull,2007,Windows XP/Vista
Nancy Drew: The Shattered Medallion,2014,Windows XP/Vista /Windows 7/Windows 8
Nancy Drew: Ultimate Dare,2008,Windows XP/Vista
Nancy Drew: Warnings at Waverly Academy,2009,Windows XP/Vista/7
Nasa’s Earth Science Enterprise Volume 3,2001,Windows/Macintosh
Nascar,??,??
Nascar 2000,2000,Windows 95/98
Nascar Craftsman Truck Series: Racing,1998,Windows
NASCAR Grand National Series Expansion Pack,1997,Windows
Nascar Legends,1999,Windows
Nascar Pinball,1998,Windows
Nascar Racing,1998,Windows 95/DOS
Nascar Racing 2,1996,Windows
Nascar Racing 2,1999,Windows 95/DOS
Nascar Racing 4,2001,Windows
Nascar Thunder 2004,2003,Windows XP/ME/98
Nascar Thunder 2004,2003,Windows
National Geographic Games 2 Pack,No Specified Year,Windows XP/Vista/7
Navy Seals,2003,Windows 98/ME/XP
Navy Seals,2002,Windows 98/ME/XP
NBA Live 06,2005,Windows
NBA Live 96,1997,Windows
NCAA Football 99,1998,Windows 95/98
Need for Speed High Stakes,2000,Windows 95/98
Need for Speed Hot Pursuit 2,2002,Windows
Need for Speed Hot Pursuit 3,1998,Windows 98/95
Need for Speed III: Hot Pursuit,1998,Windows 98/93
Need for Speed III: Hot Pursuit,2000,Windows 95/98
Need for Speed III: Hot Pursuit,1998,Windows 95/98
Need for Speed Most Wanted Black Edition,2005,Windows
Need for Speed Underground 2,2004,Windows
Need for Speed: High Stakes,1999,WIndows 95/98
Need for Speed: High Stakes,2002,Windows 95/98
Need for Speed: Porsche Unleashed,2001,Windows 95/98
Net Pages for Windows,1995,WIndows 3.1
NeverWinter Nights,2002,Windows 98/ME/2000SE/XP
Neverwinter Nights 2,2006,Windows XP
Neverwinter Nights 2 Gold,2008,Windows 2000/XP
Neverwinter Nights Platinum,2004,Windows 98/ME/2000/XP
Neverwinter Nights: Diamond,2005,Windows 98/ME/2000/XP
NFL Fever 2000,1999,Windows 95/98
NFL Math,1996,Windows 3.1/95/Mac
NHL 2002,2001,Windows
NHL 2003,2002,Windows 98/2000/ME/XP
NHL 2003,2002,Windows
NHL 96,1995,Windows
NHL 98,1997,Windows 95
NHL Championship 2000,1999,Windows95/98
NHRA Drag Racing,2000,Windows 95/98/ME
NHRA Drag Racing 2,2000,Windows
NHRA Drag Racing 2: Limited Edition,2000,Windows 95/98/ME
Nickelodeon Toon Twister 3-D,2003,Windows 98/2000/ME/XP
Night Watch Racing,2005,Windows 2000/XP
No Greater Glory: American Civil War,1991,DOS
No Limit Texas Hold’em Poker 3D,2005,Windows 98SE/ME/XP
No One Lives Forever 2,2003,Mac OS X 10.2.6
No One Lives Forever 2: A Spy in H.A.R.M.’S Way,2002,Windows 98/ME/2000/XP
Noah’s Ark,1998,Windows 95 and Mac OS 7.5
Norton Utilities,1997,System 7.1
Nox,2000,Windows
NRA Varmint Hunter,2004,Windows
NSync: Hot Line,2001,Windows 95/98/ME
Nuclear Strike,1999,Windows 95/98
Oddballz,1999,Windows 95/Mac/iMac
Oddworld Abe’s Exoddus,1998,Windows 95/98
Oddworld; Abe’s Oddysee,1997,Windows
Off-Road Drive Simulator,2011,Windows XP (SP3)/Vista/7
Official Red Hat Linux 6.0,1999,Linux
Omni-Play Basketball,1989,DOS
Onimusha 3: Demon Siege,2003,Winodws 2000/XP
Operation Flashpoint,2001,Windows 95/98/ME/2000
Operation Flashpoint (Gold Upgrade),2001,Windows
Operation Flashpoint (Gold Upgrade),2001,Windows
Operation Flashpoint Cold War Crisis,2001,Windows 95/98/ME/2000
Operation Flashpoint Cold War Crisis,2001,Windows 95/98/ME/2000
Operation Flashpoint Resistance,2002,Windows
Operation Flashpoint: Dragon Rising,2009,Windows XP
Outpost v1.5,1996,MS-DOS 5.0+
Over the Hedge,2006,Windows 2000/XP
Overlord,2007,Windows XP
Overlord,2007,Windows XP
Pac-Man Adventures in Time,2000,Windows 95/98
Pac-Man World 2,2004,Windows 98/ME/2000/XP
Pacific Fighters,2004,Windows 98/ME/XP/2000
Pacific Storm,2007,Windows 2000/XP/Vista
Pajama Sam 2 Thunder and Lightning Aren’t So Frightening,1998,Windows 95/3.1/Mac
Pajama Sam 2: Thunder and Lightning Aren’t So Frightening,1998,Windows 3.1/95 and Mac
Pajama Sam 3: You Are What You Eat From Your Head to Your Feet,2000,Windows 95/98 and Mac 7.5
Pajama Sam’s Lost and Found,1999,Windows 3.1/Mac
Panzer General II,1997,Windows 95
Panzer General III: Scorched Earth,2000,Windows 95/98
Paparazzi,2008,Windows XP/Vista
Paradise,2006,Windows 2000/XP
Parallels Desktop 3.0 for Mac,2007,Mac
Party Kit,2000,Windows 95/98
Passport’s MusicTime,???,Windows 3.0 and DOS 3.1 and Macintosh Plus
Pat Sajack’s Lucky Letters Deluxe,2006,Windows 98/2000/XP
Patrician III,2003,Windows 98/ME/XP
Patriot,1992,DOS 5.0
Paws & Claws Pet Vet,2006,Windows
Paws and Claws Pet School,2007,Windows 200/XP/Vista
Paws in Typing Town,1997,Windows 3.1 & Mac
"Pay Less, Get More: Tax Software",2018,Windows 7/8.1/10 Mac OS X
PC Attorney,2003,Windows 98/XP
Peak Studio LE,2011,Windows & Mac 10.5
Pearl Harbor Attack! Attack!,2001,Windows 95/98/ME
Personal Financial Worksheet,????,Commodore 64/128
Pet Pals Animal Doctor,2006,Windows 98/ME/2000/XP/Vista
Peter’s Color Adventure,1994,Windows 3.1 & Mac
Petz Sports,2008,Windows XP SP3/ Vista
Petz Vet,2007,Windows 2000/XP/Vista
Petz Vet,2007,Windows 2000/XP/Vista and Mac OS X 10.2
PGA Tour 96,1995,Windows
PGA Tour Laptop,1997,Windows
Phantasmagoria: A Puzzle of Flesh,1996,Windows
Pharaoh Gold,2005,Windows 98/ME/XP
Phonics Express,mid 2000’s?,Windows 95/98/ME/2000/NT/XP/Mac
Pickers,2011,Windows XP/SP2/7
Picture It! 99,1998,Windows 95/98
Pillars of Eternity II: Dead Fire,2018,Windows Vista
Pinball for Windows,1994,Windows & Mac
Pinball Madness 3,2000,Windows 95/98
Pirates of the Caribbean at World’s End,2007,Windows XP/Vista
Pirates of the Caribbean: At World’s End,2007,Windows XP/Vista
Pitfall the Mayan Adventure,1995,Windows 95
Planescape Torment and Soulbringer,1999,Windows 95/98
Planet of the Apes,2001,Windows 95/98/ME/2000
Planet Side,2003,Windows
Planetary Annihilation,2014,Windows Vista/7/8; Mac OS/X
Platoon,2002,Windows
Play with the Teletubbies,1998,Windows 95/98
Play with the Teletubbies,1998,Windows 95/98
Play-zone! Go fish!,1998,Windows 95/98
Pokemon Gotta Make ’em all!,1999,Windows 98/95
Pokemon Masters Arena,2003,Windows 98/XP/ME
Pokemon Team Turbo,2005,Windows
Pokemon Team Turbo,2005,Windows 98/ME/XP
Polar Games,2006,Windows 98/ME/2000/XP
Polar Games,2006,Windows
Police Chase,2005,Windows 98/ME/2000/XP
Police Quest 3,1991,MS-DOS
Police Quest Open Season,1993,MS-DOS and Windows 3.1
Police Quest Swat,1995,Windows
Police Quest Swat 2,1998,Windows 95/98
Police Quest SWAT 2,1998,Windows
Pool of Radiance: Ruins of Myth Drannor,2001,Windows 95/98/ME
Postal 2,2002,Windows
Power Chess,1996,Windows 3.1/95
Powerboat Racing: Pure Power,2001?,Windows
Precision Racing Indy Car Simulator,1997,Windows NT/95
Prey Limited Collector’s Edition,2006,Windows
Primal Prey,2001,Windows
Primary Partners Faith in God: Super and Social Activity Days For Girls,2007,Windows 95 or higher and Mac OS X 10.1.2
Prince of Persia,2008,Windows XP/Vista
Prince of Persia Sands of Time Trilogy,2008,Windows XP
Prince of Persia The Forgotten Sands,2010,Windows XP/Vista/7
Prince of Persia: The Forgotten Sands,2010,Windows XP/Vista/7
Print Artist 6.0,1999,Windows 98/95/NT
Print Artist: Platinum Edition,2013,Windows XP/Vista/7/8
Print Master: Gold Deluxe,1997,Windows 3.1/95
Printshop: Professional 2.0,2009,Windows 7/Vista/XP
Prison Tycoon Alcatraz,2010,Windows 7
Privateer 2 the Darkening Deluxe Edition,1997,Windows
Pro Hunter 2,1999,Windows 95
Pro Pinball Big Race USA,2000,Windows 95/98/NT
Project Eden,2001,Windows 98/ME
Putt-Putt Goes to the Moon,1995,Windows 3.1/Mac
Putt-putt Saves the Zoo,1996,Windows 3.1/95; Mac
Putt-Putt Travels Through Time,2002,Windows and Mac
Putt-putt travels through time,1997,Windows 95/3.1; Mac
Puzzle Bobble 2,1996,Windows 95/98
Puzzle Games,2002,Windows 95/98/2000/ME/XP & Mac
Puzzle Master,2001,Windows 95/98/ME
Pyst,1996,Windows 3.1/95/Mac
Qbert,1999,Windows 95/98
Quake,1996,MS-DOS 5.0
Quake 4,2005,Windows 2000/XP
Quake 4,2005,Windows XP/2000
Quake 4: Special DVD Edition,2005,Windows 2000/XP
Quake II,1997,Windows 95
Quake III Arena,1999,Windows 95/98
Quake III: Team Arena,2000,Windows 95/98/ME/2000/NT4
Quake++ for Quake,1996,"MS-DOS, Windows 3.1/95"
Queensryche’s Promised Land,1996,Windows 95 and Mac
Quick Verse Bible Suite,2008,Windows XP & Mac
Quicken Financial Planner,1996,Windows 3.1/95
Quicken: Version 6,1996,Windows 3.1/95
Quikpro+II Automatic Program Writers,1986,Commodore 64
Railroad Tycoon,1998,Windows 95/98/NT
Railroad Tycoon II: Platinum,2002,Windows 98/ME/XP
Rainbow Six 3: Raven Shield,2003,Windows 98/2000/XP
Rainbow Six 3: Raven Shield,2003,Windows 98/ME/2000/XP
Rama,1996,DOS/ Windows 95
Rampage,1986,DOS
Ratatouille,2007,Windows 2000/XP Mac OS X 10.3.9
Raven Squad,2008,Windows 7/10
Rayman,1999,Windows 3.1/95/98
Reader Rabbit 1st Grade,2002,Windows
Reader Rabbit 2,1997,Windows 1.1/Mac
Reader Rabbit’s 2nd Grade,2000,Windows 95/98/Mac
Reader Rabbit’s Math 1,1997,Windows/Mac
Reader Rabbit’s Reading 1,1997,Windows/Mac
Reader Rabbit’s Reading Development Library 1,1997,Windows/Mac
Ready For School: Toddler,1998,Windows 95/3.1 & Mac
Real War Air Land and Sea: Rogue States,2002,Windows 95/98/ME/2000/XP
Real War Air Land Sea,2001,Windows 95/98/ME/2000/XP
Realms of the Haunting,1996,Windows 95
Reaxxion,2007,Windows 2000/XP
Recore: Definitive Edition,2019,Windows 7/8/10
Red Faction,2001,Windows
Red Faction Complete,2014,Windows XP
RedLine,1999,Windows 95/98
Redline,1999,Windows 95/98
Redshift 3,1998,Windows
Reel Deal Slots: Adventure 3,????,Windows XP
Remington Super Slam Hunting: Africa,2009,Windows Vista/XP/7
ReMission,2006,Windows 98SE/ME/2000/XP
Republic the Revolution,2003,Windows 98SE/2000/XP
Requiem: Avenging Angel,1999,Windows
Rescue Heroes,2003,Windows 98/ME/2000/XP & Mac
Rescue Heroes Hurricane Havoc,2001,Windows 98/95/ME Power Macintosh
Rescue Heroes Hurricane Havoc,2000,Windows 95/98/ME
Reservoir Dogs,2006,Windows 2000/XP
Resident Evil 2 Platinum,1999,Windows
Resident Evil 4,2005,Windows 2000/XP
Resident Evil 5,2009,Windows Vista/XP
Resident Evil Nemesis,2000,Windows
Restaurant Empire,2003,Windows
Return Fire 2,1998,Windows
Return of the Incredible Machine,2000,Windows
Return to Castle Wolfenstein,2001,Windows 95/98/ME/NT4.0/ 2000/XP
Return to Krondor,1998,Windows
Return to Mysterious Island,2004,Windows 98/ME/2000/XP
Reunion,1994,MS-DOS
Revolution,2002,Windows 98/ME/2000/XP
RF Online,2005,Windows 98SE/2000/XP
Rhem,2003,Windows
Rhiannon Curse of teh Four Branches,2008,Windows XP/Vista
Richard Garriott’s Tabula Rasa Collector’s Edition,2007,Windows
Ricochet Infinity,2007,Windows 95/98/2000/XP/ME/Vista
Riddle of the Sphinx,2000,Windows 95/98/ME
Riddle of the Sphinx,2000,Windows 95/98/ME and System 7.5
Rift,2011,Windows XP/Vista/7
Ripper,1996,Windows 95
Ripper,1996,DOS
Rise of Nations Rise of Legends,2006,Windows XP
Rise of Nations: Gold Edition,2004,Windows XP/2000/ME/98
Rise of the Robots,1994,DOS
Riven: Sequel to Myst,1997,Windows 95
Road Adventures USA,1999,Windows
Robert E. Lee: Civil War General,1996,Windows 95
Rockett’s Adventure Maker,1998,Windows 95/98/Mac
Rockett’s Camp Adventures,1999,Windows 95/98/Mac
Rockett’s First Dance,1998,Windows 95/98/Mac
Rockett’s Secret Invitation,1998,Windows 95/98/Mac
Roger Zelazny and Jane Lindskold’s Chronomaster,1995,MS-DOS 5.0
Roger Zelazny and Jane Lindskold’s Chronomaster,1995,MS-DOS 5.0
Roler Coaster Tycoon 3 Gold!,2005,Windows 98/2000/XP
Roller Coaster Tycoon,1999,Windows 95/98
Roller Coaster Tycoon 3,2004,Windows 98/ME/2000/XP
Roller Coaster Tycoon 3 Wild!,2005,Windows 98/2000/XP
Roller Coaster Tycoon Corkscrew Follies (Expansion Pack),1999,Windows 95/98
Roller Typing,2002,Windows and Mac
Rolling Stones Voodoo Lounge CD-ROM,1995,WIindows 95
Rome Total War Gold Edition,2004,Windows 98SE/ME/2000/XP
Rome: Caesar’s Will,2000,WIndows 95/98
Rome: Total War,2004,Windows 98SE/ME/2000/XP
RPG: Fantasy Action Pack,2008,WIndows 2000/XP/Vista
RR2,2011,Windows XP/Vista/7
Rudolph The Red-Nosed Reindeer’s Magical Sleigh Ride,1998,Windows
Rugrats Go Wild,2003,Windows 98/ME/XP
Runaway The Dream of the Turtle,2007,Windows 2000/XP/Vista
Rune,2000,Windows
Rune Halls of Valhalla,2001,Windows 95/98/NT/ME/2000
Rush For Berlin,2005,Windows 2000/XP SP1
Rybka 2.1 & Chess Openings 2006,2006,Windows
S.A.G.A. #1 – Adventureland,1984,Atari
S.T.O.R.M,1995,DOS
Sacred,2004,Windows 98SE/ME/2000/XP
Safe Cracker,2000,Windows 95/98
Saints of Virtue,1999,Windows 95/98
Saints Row 2,2008,Windows XP/Vista
Samantha Swift and the Golden Touch,2009,Windows XP/Vista
Same or Different,2005,Windows 98/ME/2000/XP/Vista
Sausage Bomber,2018,Windows or Mac
Schizm: Myserious Journey,2001,Windows 95/98/ME/XP
School Tycoon,2003,Windows 98/ME/2000/XP
Science,1999,Windows 98/95/3.1/Mac
Science Blaster Jr.,1997,Windows 95/3.1/Mac
Science Blaster Jr.,1997,Windows 3.1/95 and PowerMac/System 7
Scooby-Doo 2 Monsters Unleashed,2004,Windows 98/2000/ME/XP
Scooby-Doo! Jinx at the Sphinx,2001,Windows 95/98/2000/ME/XP
Scooby-Doo! Showdown in Ghost Town,2001,Windows
Scrabble Online,2004,Windows 98/98SE/ME/2000/XP
Screamer 2 Sheer Speed Road Racing,1999,Windows 95/98
Screen Creator Deluxe,2002,Windows 98/NT/ME/2000/XP
Scribblenauts Unlimited,2012,Windows XP
Scuba: Geheimnisse Der Meere,2006,"Windows 98, 2000, XP"
Sea Wolf,1981,Commodore 64/128
Seal Team,1993,DOS
Secret Service,2008,Windows XP/Vista
Secret Service,2001,Windows 95/98/ME/2000/XP
Section 8,2009,Windows Vista SP1/XP SP3
Seek & Find Adventures,2013,Windows XP/Vista/7
Seek & Find Mysteries 2,2013,Windows XP/Vista/7
Senior PGA Tour Golf,1999,Windows
Serious Sam the First Encounter,2001,Windows 95/98/NT4.0/ME/2000
Serious Sam the Second Encounter,2001,Windows
Sesame Street Numbers,1998,Windows 3.1/95/98
Sesame Street: Astro-Grover,1984,Atari Home Computers
Shadow Man,1999,Windows 95/98
Shadow Ops: Red Mercury,2004,Windows 98SE/ME/2000/XP
Shadow President Shareware,1992,DOS
Shadow Watch,1999,Windows 95/98
Shadowbane: Throne of Oblivion,2004,Windows 98SE/ME/2000/XP
Shadowgrounds Survivor,2007,Windows
Shadowrun Chronicles Boston Lockdown,2015,Windows
Shadows of Cairn,1995,Windows/DOS
Shanghai Double Pack,No Specified Year,Windows
Shanghai Double Pack,1997,Windows 95/98
Shanghai Street Racer,2004,Windows 98/ME/XP
Shape Shifter,2005,Windows
Shellshock 2: Blood Trails,2009,Windows XP/Vista
Sherlock Holmes: The Awakened,2007,Windows 2000/XP/Vista
Shogo Mobile Armer Division,1998,Windows 95/98
Shogun Total War,2001,Windows
Shogun: Total War Warlord Edition,2001,Windows 95/98/2000/ME
Shoot the Roach,2005,Windows 98/ME/2000/XP
Shooting Gallery,2001,Palm OS and Windows 98/ME and Mac OS 8.5.1
Shrek 2,2004,Windows 98/ME/2000/XP
Shrek the Third,2007,Windows XP
Shuffle!,2016,Windows XP/Vista/7
Sid Meier’s Civilization,1991,DOS
Sid Meier’s Civilization IV Gold Edition,2007,Windows 2000/XP/Vista
Sid Meier’s Civilization IV: Game of the Year Edition,2006,Windows 2000/XP
Sid Meier’s Covery Action,1990,Amiga
Sid Meier’s SimGolf,2002,Windows
SideWinder Game Device Profiler And Game Demos,1996,Windows 95
Sidmeier’s Civilization Complete,2005,Windows 98/ME/2000/XP
Sigma 7,1987,Commodore 64/128
Silent Hunter Wolves of the Pacific,2007,Windows Vista/XP
Silent Service II,1992,DOS 3.1
Silent Steel,1995,Windows
Silent Thunder,1997,Windows 95
Silkworm,1989,Commodore 64/128
Sim Ant,1991,DOS & Mac
SIM Ant,1998,Windows 3.1/Mac
Sim City,2013,Windows XP/Vista/7/8
Sim City 3000 Unlimited,2000,Windows 95/98
Sim City Classic,1997,Windows 3.1/95 and Mac
SIM Copter,1996,Windows
SIM Copter,1998,Windows
SIM Farm,1998,Windows 3.1/95/Mac
SIM Life,1998,Windows 95/98
Sim Park,1998,Windows 3.1/95
SIM Park,1998,Windows 3.1/95
SIM Town,1996,Windows 3.1/95
SimCoaster,2000,Windows
Sims 2 Family Fun Stuff,2006,Windows
Sims 2: Nightlife,2005,Windows
Sims 2: Open for Business,2006,Windows
Sims 2: Pets,2006,Windows Vista/XP/ME/2000/98
Sims 3 World Bundle,2013,Windows XP SP2/Vist SP3/7
Sims 3: Pets,2011,Windows XP/Vista/7
Sims: Medieval,2011,Windows XP/Vista SP1/ 7
SimTheme Park,2000,Windows 95/98
Simulation Games,1996,Windows 95/3.1
Simulator 13 Game Collectors Pack,2017,Windows 7/8/8.1
Singularity,2010,Windows XP/Vista/7
Sini Star: Unleashed,1982,WIndows 95/98
Sins of a Solar Empire,2010,Windows 7/Vista
Sins of a Solar Empire,2008,Windows XP SP2/Vista
Sins of a Solar Empire Real-Time Strategy Unrivalled Scale,2008,Windows XP SP 2/Vista
Sins of a Solar Empire Trinity,2010,Windows XP/Vista/7
Sitting of the Farm,1994,Windows 3.1
Skateboard Park Tycoon,2003,Windows 98/ME/2000/XP
Skynet,1996,DOS 6.0
Slots: 100 Pandas,2015,Windows VistaSP1/7/8
Smart Steps Kindergarten,1999,Windows 95/98/ME/2000/XP and System 7.5.1
SnapShot Version 2.0,1999,Windows
Snow Cross,2001,Windows 98/00/ME
Software for the Fun of it,1999,???
Soldier of Fortune II: Double Helix,2003,Windows 98/ME/2000/XP
Soldier of Fortune Platinum Edition,2001,Windows 95/98
Soldier of Fortune Platinum Edition,2001,Windows 95/98/ME/2000/NT4.0
Soldier of Fortune Platnium Edition,2001,Windows
Soldier of Fortune Special Edition,2001,Windows 95/98/ME/2000
Soldier of Fortune Tacitcal Low-Violence Edition,2000,Windows
Solitaire: Antics Ultimate,2003,Windows 95/98/NT/2000/ME/XP & Mac OS X
Sonic and Knuckles Collection,2000,Windows 95/98
Sonic and Knuckles Collection,2000,Windows 95/98
Sonic CD,1997,Windows 95
Sonic R,1999,Windows 95/98
Soul Reaver 2,2001,Windows 98/ME
South Park,1999,Windows
Space Bunnies Must Die,1998,Windows
Space Chimps,2008,Windows XP/Vista
Space Colony,2003,Windows
Space Invaders,1999,Windows
Space Quest 6: Roger Wilco in Spinal Frontier,1995,Windows
Space Quest Collection Series,2006?,Windows
Space Trader: Merchant Marine,2008,Windows Vista/XP
Spec Ops 2: Green Berets,1999,Windows 95/98
Spec Ops The Line,2012,Windows XP SP3
Spec Ops: Ranger Team Bravo,1998,Windows 95/98
Spec Ops: Rangers Lead the Way,1998,Windows 95
Speed Math Bingo,1981,Commodore 64
Spiderman,2002,Windows 98/ME/2000/XP
Spiderman,2001,Windows 95/98/ME/2000
Splinter Cell Pandora Tomorrow,2004,Windows 98SE/ME/2000/XP
Splinter Cell: Double Agent,2006,Windows XP
Spongebob Squarepants Employee of the Month,2002,Windows 98/ME/XP
"Spongebob Squarepants: Lights, Camera, Pants!",2005,Windows 98/ME/2000/XP
Spongebob Squarepants: Operation Krabby Patty,2001,Windows 95/98/ME
Spore,2008,Windows XP/Vista
Spore Creature Creator,2008,Windows XP/Vista
SPQR,1996,Windows
Spy Fox 2 “Some Assembly Required”,1999,Windows 95/98 and System 7.5
Spy Fox in “Dry Cereal”,1997,Windows 3.1/95/98/ME/ Macinosh
Spy Hunter,2003,Windows & Mac
Spy Kids: Mega Mission Zone,2001,Windows 95/98/ME/XP
Spy Masters Max Strikes Back,2001,Windows 95/98/ME/2000 and Mac
Stalingrad,1994,MS-DOS 3.0 and System 7
Stalker Shadow of Chernobyl,2006,Windows 2000 SP4/XP
Star Control 3,1996,Windows 95/DOS
Star Craft,1998,Windows 2000/98/95/XP/ME/NT/Mac
Star Craft: Battle Chest,1998,Windows XP/Vista
Star Post,1983,Commodore 64
Star Shine Legacy,2005,Windows 98/2000/XP
Star Trek Borg,1996,Windows 95/3.1 and Mac
Star Trek DAC,2010,Windows
Star Trek DAC,2010,Windows 7/XP/Vista and Mac OS X 10.5.8
Star Trek Deep Space Nine Harbinger Holosuite Missions,1995,Windows MS-Dos
Star Trek Hidden Evil,1999,WIndows 95/98
Star Trek II: Armada,2001,Windows 95/98/2000/ME
Star Trek Judgment Rites,1993,DOS 3.1
Star Trek Klingon,1996,Windows 95/3.1/Mac
Star Trek Omnipedia,1995,Windows/Mac
Star Trek Online,2010,Windows XP SP2/Vista/7
Star Trek Starfleet Command,1999,Windows
Star Trek Starfleet Command Orion Pirates,2001,Windows 95/98/2000
Star Trek StarFleet Command: Orion Pirates,2001,Windows 95/98/2000
Star Trek the Next Generation A Final Unity,1995,DOS 5.0
Star Trek the Next Generation a Final Unity,1995,DOS/Windows
Star Trek the Promethean Prophecy,1986,IBM PC and DOS 2.0
Star Trek the Rebel Universe,1988,MS-DOS 2.0
Star Trek Volume II: Empires at War,2000,Windows 95/98/2000
Star Trek Voyager Elite Force,2000,Windows 95/98/NT/2000
Star Trek Voyager: Elite Force,2000,Windows 95/98/2000/ME
Star Trek: Armada,2000,Windows 95/98
Star Trek: Away Team,2001,Windows 95/98/2000/ME
Star Trek: Font Pack,1992,Windows 3.1
Star Trek: The Game Show,1997,Windows 3.1/95/Mac
Star Wars Audio Clips,1993,Windows 3.1
Star Wars Battlefront,2004,Windows 98/ME/2000/XP
Star Wars Battlefront,2004,Windows
Star Wars Empire at War,2006,Windows 2000/XP
Star Wars Empire At War Gold Pack,2008,Windows 2000/XP/Vista
Star Wars Episode 1 Insider’s Guide,1999,Windows 95/98
Star Wars Episode 1 The Phantom Menace,1999,Windows
Star Wars Episode 1 The Phantom Menace,1999,Windows 95/98
Star Wars Episode I Racer,1999,Windows 95/98
Star Wars Force Commander,2000,Windows 95/98
Star Wars Galatic Battlegrounds,2001,Windows
Star Wars Galatic Battlegrounds Clone Campaigns,2002,Windows
Star Wars Galaxies,2003,Windows 98SE/ME/2000/XP
Star Wars Galaxies: The Total Experience,2005,Windows 98SE/ME/2000/XP
Star Wars Jedi Knight Dark Forces 2,1997,Windows 95
Star Wars Jedi Knight Dark Forces 2,1997,Windows 95
Star Wars Jedi Knight Dark Forces II,2001,Windows 95/98
Star Wars Jedi Knight Mysteries of the Sith,1998,Windows
Star Wars Knights of the Old Republic,2003,Windows 98/98SE/ME/2000/XP
Star Wars Pit Droids,1999,Windows 95/98/Mac
Star Wars Rebel Assault,1993,DOS
Star Wars Rebel Assault II the Hidden Empire,1995,MS-DOS 6.0 and Windows 95
Star Wars Republic Commando,2005,Windows 98SE/ME/2000/XP
Star Wars Rogue Squadron,1998,Windows 95/98
Star Wars Shadows of the Empire,1997,Windows 95
Star Wars The Old Republic,2011,Windows XP/Vista/7
Star Wars The Old Republic Collector’s Edition,2011,Windows XP/7
Star Wars Tie Fighter,1994,MS DOS 5.0
Star Wars Tie Fighter,1994,MS-DOS 5.0
Star Wars Tie Fighter Collector’s CD-ROM,2001,Windows 95/98
Star Wars X-Wing,2000,Windows 95/98
Star Wars X-Wing Alliance,1999,Windows 95/98
Star Wars X-Wing Wars Collector’s CD-ROM,1994,MS-DOS 5.0
Star Wars X-Wing: Collectors CD-ROM,1994,MS DOS 5.0
Star Wars Yoda’s Challenge,1999,Windows 95/98/Mac
Star Wars: Dark Forces,1994,DOS
Star Wars: Fan Favorites I,2010,Windows XP SP3/Vista SP1
Star Wars: Galactic Battlegrounds Saga,2002,Windows
Star Wars: Jedi Knight II: Jedi Outcast,2002,Windows 95
Star Wars: Millennium Flacon Playset CD-ROM,1996,Windows
Starcraft 2 Wings of Liberty,2010,Windows XP/Vista/7
StarCraft Brood War,1998,Windows 95/98
Starcraft II Heart of the Swarm,2012,Windows XP/Vista/7/8
Starlancer,2000,Windows
Starshine Legacy The Legend of Pandora,2005,Windows 98/98SE/2000/XP
Steel Beasts,2001,Windows 95/98/ME/2000
Storybook Weaver Deluxe,1994,Version 1.2 Windows and Mac
Strategic Command European Theater,2003,Windows
Strategy Games,1996,Windows 95/3.1
Street Fighter II,1993,DOS
Strong Hold 2,2005,Windows 98SE/ME/2000/XP
Stronghold Crusader,2003,Windows 98/Me/2000/XP
Stronghold Crusader,2003,Windows 98/ME/2000/XP
StrongHold Crusader 2,2014,Windows XP/Vista/7/8
Stuart Little,1999,Windows
Stubbs the Zombie: Rebel Without a Pulse,2005,Windows
Sub Command,2001,Windows
Sub Command Akula Seawolf 688(I),2001,Windows 95/98/ME/2000
Success With Math: Linear Equations,1983,Atari 800/1200XL
Success With Math: Multiplication and Division,1983,Atari 800/1200XL
Success With Math: Quadratic Equations,1983,Atari 800/1200XL
Sudoku,2005,Windows 98/2000/Me/XP
Summoner,2001,Windows
Super Breakout,1979,Atari 400/800
Super Hot,2016,Windows 7/10
Super Tetris,1991,Mac
Superbike 2000,2000,Windows
Superbike 2001,2000,Windows 95/98
Superbike 2001,2000,Windows
Superstart! 3rd Grade Math,2008,Windows Vista/XP
Supreme Commander 2,2010,Windows XP/Vista/7
Supreme Commander Forged Alliance,2007,Windows XP/Vista
Supreme Ruler 2010,2010,Windows
Surface Tension,1996,DOS/Windows 95
Survivor the Interactive Game,2001,Windows
Swat 3,1999,Windows 98/95/2000
Swat 3: Elite Edition,2000,Windows 2000/98/95
Sword Searcher Complete Bible Suite,2003,Windows 95/98/ME/NT4/2000/XP
Syberia,2005,Windows 98/ME/2000/XP
Syberia 3,2017,Windows 7 or MacOS
Syndicate,2012,Windows XP/Vista/7
Syndicate Plus,1997,MS-DOS
T2 Limited Edition CD ROM,1996,Windows 3.1/95
T2: The Arcade Game,1991,DOS
Tabloid Tycoon,2005,Windows 98/ME/2000/XP
Tachyon The Fringe,2000,Windows
Tachyon the Fringe,2000,Windows 95/98
Tactical Ops Assault On Terror,2002,Windows
Tag Team Wrestling,1984,IBM DOS
Taiwanese?,1994,DOS
Talking Travel Maps USA,2000,Windows 95
Tamagotchi,1997,Windows 95
Tank Commander,1997,Windows 95
Tarzan,1983,Adam
Teacher’s Puzzle Creator,1999,Windows 95/98
Terror Nova,1996,Windows
Test Drive 4,1997,Windows 95
Test Drive 5,1998,Windows 95/98
Test Drive Off-Road,1997,DOS & Windows 95
Test Drive Off-Road,1997,Windows DOS/95
Tetris Worlds,2002,Windows
Texas Hold’em High Stakes Poker,2004,Windows ME/2000/XP
The adventures of Pinocchio Activity Center,1996,Windows 95/3.1/Mac 7.1
The Alchemist,1995,Windows
The American Girls Premiere 2nd Edition,1998,Windows and Mac
The Ant Bully,2006,Windows 2000/XP
The Apprentice: Los Angeles,2005,Windows 98/2000/ME/XP/Vista
The Beast Within,1995,Windows
The Best 3D Games of ’95,1995,DOS 5.0/Windows 3.1
The Best of Star Trek,1996,Windows 3.1/95
The Black Mirror,2003,Windows 98/2000/ME/XP
The Bridge Constructor Physics Bundle Vol. 1,2019,Windows 7/8/10
The Cameron Files,2002,Windows 95/98/ME/2000/XP
The Cat in the Hat,1997,Windows
The Chaos Engine,1995,MS-DOS
The Clue Finders 6th Grade Adventures,1999,Windows and Mac
The Clue Finders Reading Adventures,1999,Windows and Mac
The Comic Collector,1993,DOS
The Complete Parental Control Solution,2014,Android/Kindle/Windows/MacOSX/iOS
The Complete Ultima VII,1993,MS-DOS
The Crystal Key,2001,Windows 95/98 & Mac
The Curse of Monkey Island,1997,Windows 95
The Cycles,1989,DOS
The Daedalus Encounter,1995,Windows
The Dark Eye,1995,Windows 3.1//95
The Depths of Doom Trilogy,1997,DOS/Windows
The Dig,1995,Mac
The EA Games Collection,2004,Windows XP/2000/ME/98
The Elder Scrolls Online,2014,Windows XP & Mac
The Elder Scrolls Online Exclusive Preview Disc,2014,Windows
The Elder Scrolls: Anthology,2013,Windows
The Evil Within 2,2017,Windows 7/8.1/10
The Evil Within 2,2017,Windows 7/8.1/10
The Family Doctor 3rd Edition,1995,Windows 3.1 or later
The First Templar,2011,Windows
The Godfather II,2009,Windows XP/Vista
The Godfather: The Game,2009,Windows XP/2000
The Great Gazoo,???,???
The Haunted Hells Reach,2011,Windows XP/Vista/7
The History Channel: Battle for the Pacific,2007,Windows XP/Vista
The History Channel: Great Battles of Rome,2008,Windows
The House of the Dead 2,2001,Windows 95/98/ME
The Incredible Hulk,2008,Windows 2000/XP
The Incredible Machine (Version 3.0),1995,Windows
The Incredibles: Print Studio,2005,Windows 98/ME/XP
The Incredibles: Print Studio,2005,Windows 98/ME/XP
The Italian Job,2001,Windows 98/ME/2000/XP
The Journeyman Project 3: Legacy on Time,1998,Windows 95/Mac
The Learning Company The Club Finders 5th grade adventures,1999,Windows/Mac Version 1.0
The Life of Christ,1999,Mac & Windows 95
The Lord of the Ring Online Shadows of Angmar Special Edition,2007,Windows XP
The Lord of the Rings Online Shadows of Angmar,2007,Windows XP
The Lord of the Rings Online: Mines of Moria,2008,Windows XP
The Lord of the Rings The Return of the King,2003,Windows 98/ME/2000/XP
The Lord of the Rings the Return of the King,2003,Windows
The Lord of the Rings War of the Ring,2003,Windows
The Lord of the Rings: Fellowship of the Ring,2002,Windows
The Lord of the Rings: the Battle for Middle Earth,2004,Windows
The Lord of the Rings: The Fellowship of the Ring,2002,Windows
The Magic School Bus Explores the Ocean,1995,DOS/Windows
The Magic School Bus Explores the Rainforest,1997,Windows 95
The Magic School Bus Explores the Solar System,1995,Windows
The Messenger,2001,Windows 95/98/ME
The Movies,2005,Windows 98SE/ME/2000/XP
The Movies Superstar Edition,2009,Mac
The Movies: Stunts & Effects Expansion Pack,2006,Windows 98SE/ME/2000/XP
The Music Factory’s Encyclopedia of Christmas,1995,Windows 3.1
The Mystery of the Mummy,2003,Windows
The Next Tetris,1999,Windows 95/98
The Official America Online Interactive Tour Guide,????,Windows
The Orange Box,2007,Windows
The Oregon Trail Classic Edition,1996,DOS
The Otter’s Adventure,1995,Windows/Mac
The Platinum Collection,1993,Windows 3.1
The Price is Right 2010 Edition,2009,Windows XP/Vista
The Print Shop Deluxe,2001,Windows 95/98/2000/ME/XP
The Print Shop Publishing Suite,1998,Mac
The Punisher,2005,Windows 98SE/ME/2000/XP
The Quest for the Holy Grail,1984,Commodore 64
The Sacred Rings,2007,Windows 2000/XP/Vista
The Seven Cities of Gold,1984,Atari 400/800
The Shield the Game,2006,Windows XP
The Simpons Virtual Springfield,1997,Windows 95/Power Mac
The Sims 2,2005,Windows
The Sims 3,2009,Windows XP/Vista
The Sims Mega Deluxe,2004,Windows
The Sims Unleashed Expansion Pack,2003,Windows
The Skins Game at Bighorn,1995,Windows
The Slugger,1985,Commodore 64
The Spongebob Squarepants Movie: The Game,2004,Windows 98/ME/2000/XP
The Terminator: Future Shock,1984,DOS
The Thing,2002,Windows
The Time Warp of Dr. Brain,1996,Windows
The Ultimate Doom,1995,Windows 95
The Ultimate Wizardry Archives,1998,Windows 95/98
The Universe According to Virgil Reality,1996,Windows
The Viva Adventure Anthrology,2008,Windows
The Witcher,2007,Windows XP/Vista
The Wizards’s Den,2007,Windows 2000/XP/Vista
The Yukon Trail,1994,DOS
Theme Hospital,1998,Windows
Thexder,1995,Windows 95
Thinkin’ Things Collection 1,1995,Windows/DOS/Mac
THQ Board Game Collection,2006,Windows ME/2000/XP
Throne of Darkness,2001,Windows
Thunder Gun The Cybwar Mission,1995,MS-DOS 5.0
Tick! Tack!,2014,Windows XP/Vista/7/8
Tiger Chess 15,2003,Windows 98/ME/2000/XP
Tiger Woods PGA Tour 08,2007,Windows XP/Vista
Tiger Woods PGA Tour 2001 and Madden 2001,2001,WIndows 95/98
Tiger Woods PGA Tour 2005,2004,Windows
Tiger Woods PGA Tour Collection,1999,Windows
Time Commando,1996,Windows 95/MS-DOS
Timeworks Word Writer with Spell Checker,1983,Commodore 64/128
Timon & Pumbaa’s Jungle Games,1995,Windows 95
Titan Fall,2014,Windows Vista/7/8
Titan Quest,2006,Windows 2000/XP
Titanic Adventure out of time,1996,Windows 3.1 or 95
TMNT,2007,Windows XP/Vista
To Serve and Command,2004,Windows
Tom Clancy SSN,1996,Windows 95/98/ME
Tom Clancy’s EndWar,2008,Windows XP SP2/Vista SP1
Tom Clancy’s Ghost Recon,2001,Windows 9X/ME/2000/XP
Tom Clancy’s Ghost Recon,2001,Windows
Tom Clancy’s Ghost Recon Island Thunder,2002,Windows
Tom Clancy’s Ghost Recon: Advanced Warfighter,2006,Windows 2000/XP
Tom Clancy’s Ghost Recon: Desert Siege,2002,Windows 98/2000/ME/XP
Tom Clancy’s Rainbow Six,1998,Windows 95/98
Tom Clancy’s Rainbow Six,1998,Windows
Tom Clancy’s Rainbow Six 3 Raven Shield,2003,Windows 98/ME/2000/XP
Tom Clancy’s Rainbow Six 3: Raven Shield,2003,Windows 98/ME/2000/XP
Tom Clancy’s Rainbow Six Collector’s Edition,2000,Windows 95/98/ME
Tom Clancy’s Rainbow Six Covert Ops Essentials,1999,Windows 95/98
Tom Clancy’s Rainbow Six Mission Pack: Eagle Watch,1999,Windows 95/98
Tom Clancy’s Rainbow Six Mission Pack: Eagle Watch,1998,Windows
Tom Clancy’s Rainbow Six Rogue Spear,1999,Windows 95/98
Tom Clancy’s Rainbow Six Rogue Spear Black Thorn,2001,Windows 95/98/ME/2000
Tom Clancy’s Rainbow Six Rogue Spear Mission Pack: Urban Operations,2000,Windows 95/98/ME/2000
Tom Clancy’s Splinter Cell Pandora Tomorrow,2004,Windows 98/ME/2000/XP
Tom Clancy’s the Division,2016,Windows 7 SP1/8.1/10
Tom Claney’s Ghost Recon: Advanced Warfighter,2006,Windows 2000/XP
Tom Claney’s Ghost Recon: Desert Siege,2002,Windows 9X/ME/2000/XP
Tom Claney’s Ghost Recon: Island Thunder,2002,Windows 9x/ME/2000/XP
Tom Claney’s Splinter Cell,2002,Windows 98/ME/2000/XP
Tom Claney’s Splinter Cell: Espionage Pack,2004,Windows 98/ME/2000/XP
Tomb Raider,1998,Windows 95
Tomb Raider Chronicles,2000,Windows 95/98/ME
Tomb Raider II,1998,Windows
Tomb Raider II starring Laura Croft,1998,Windows
Tomb Raider The Angel of Darkness,2003,Windows 98
Tomb Raider: Unfinished Business,1999,DOS 6.0/Windows 95
Tonka Construction,1996,Windows/MAC
Tonka Firefighter,2003,Windows 98/Me/2000/XP
Tonka Garage,1998,Windows 95
Tonka Raceway,1999,Windows 95/98
Tonka Search and Rescue,1997,Windows 3.1/95/MAC
Tonka Search and Rescue 2,2002,Windows 98/Me/XP
Tonka Space Station,2000,Windows 95/98
Tonka Town,2003,Windows 98/Me/2000/XP
Tony Hawk’s Pro Skater 2,2000,Windows
Tony La Russa Baseball 2,1995,Windows
Toontown Online,2004,Windows 98/ME/2000/XP
TopGun,2010,Windows Vista/XP
Torchlight,2009,Windows XP/7
Torin’s Passage,1995,Windows
Tornado Operation Desert Storm,1994,DOS
Torro Z: Cinematic Action Adventure,1995,MS DOS 5.0
Tortuga Pirates of the new world,2007,Windows 98SE/ME/2000/XP/Vista
Total Annihilation,1997,Windows 95
Total Casino 98,1998,Windows 95/98/NT 4.0
Total War Rome 2,2013,Windows XP/Vista/7/8
Total War Shogun 2,2011,Windows 7/Vista
Totally Twisted: After Dark Screen Saver,1998,Windows 95
Totally Unreal,1998,Windows
Tournament Chess,2002,Windows 98/ME/XP
Toy Story,2010,Windows 7/Vista SP2/XP SP3
Toy Story: CD-ROM Game,1996,Windows 3.1/95
Trainz Simulator 2 Pack,2013,Windows XP/Vista
Trainz Simulator 2 Pack,2013,Windows XP/Vista/7
Traitors Gate,2000,Windows 95/98 and System 7.5
Travel Map,1995,Windows
Treasure Math Storm!,1997,Windows 3.1/95
Treasure Mountain,1998,Windows 3.1/DOS/Mac
Trend Micro Smart Surfing,2011,Mac OSX 10.4
Tribes,1998,Windows 95/98
Tribes 2,2001,Windows
Tribes 2,2000,OS Windows 95/98/2000/ME/NT 4.0
Triple Play 99,1998,Windows 95
Trivial Pursuit CD-ROM Edition,1996,Windows
Trivial Pursuit Millennium Edition,1999,Windows 95/98
Tron 2.0,2003,Windows 98/ME/2000/XP
Tron 2.0,2003,Windows 98/ME/2000/XP
Trophy Bass 2,1996,Windows
Tropico 3,2009,Windows 7/Vista/XP SP 2
Tropico 5,2014,Windows Vista SP2/7/8
Trucker’s Helper:Drivers Edition,Mid 2000s,Windows XP
TurboTax: Deluxe,2002,Windows 95/98/NT4D/2000/ME/XP
Turok,2007,Windows XP/Vista
Turok,2007,Windows Vista
Turok Seeds of Evil,1998,Windows 95/98
Twisted Lands Shadow Town,2011,Windows 7/XP/Vista
Two Worlds,2007,Windows XP SP2/Vista (32-bit only)
Two Worlds,2007,Windows XP/Vista
U.S. Navy Fighters,1999,Windows 95/98/DOS
UFO Afterlight,2007,Windows 2000/XP
Ultima Online,2002,Windows ME/98/95
Ultima I,1986,Commodore 64
Ultima III Exodus,1983,Commodore 64
Ultima IV Quest of the Avatar,1985,Apple II
Ultima VI the False Prophet,1990,DOS
Ultimate Body Blows,1994,DOS 3.0
Ultra Pinball The Lost Continent,1997,Windows
Ultrabots,1993,DOS 5.0
Universe At War Earth Assault,2007,Windows XP/Vista
Unnecessary Roughness 96,1995,Windows
Unreal,1999,Windows
Unreal,1998,Windows 95/98/NT
Unreal 2 The Awakening,2002,Windows 98/2000/Me/XP
Unreal Gold,1998,Windows 95/98
Unreal Tournament,1999,Windows 95/98
Unreal Tournament 2004,2004,Windows 98/ME/2000/XP or Linux
Unreal Tournament 2004: DVD Special Edition,2004,Windows98/ME/2000/XP/Linux
Unreal Tournament III,2007,Windows XP/Vista
USNF 97,1996,Windows 95
ValueWord,1986,Commodore 64/128
Vampire The Masquerade Redemption,2000,Windows
Vanguard Saga of Heroes,2007,Windows
VeggieTales Veggie Carnival,2002,Windows & Mac
Veggite Tales the Mystery of Veggie Island,2003,Windows 98/ME/XP
Versa Check Refills,1998,DOS/Windows?
Video Editing with NCH VideoPad Software For Dummies,2013,Windows 7/8/Vista/XP & Mac 10.4
Video Studio Pro X3,2010,Windows XP
Vietcong 2,2005,Windows 2000/XP
Vietnam Black Ops,2000,Windows 95/98/ME
Vietnam Ho Chi Minh Trail,2003,Windows 98/Me/XP
Vigilance,1998,Windows 95/98
Vigilance,1998,Windows 95/98
Vin Diesel: Wheelman,2009,Windows XP SP3/Vista
Vipre Internet Security 2013,2013,Windows XP/Vista/7/8
Virtua Fighter,2006,Windows 95/98/ME/XP
Virtual Pool,1996,Mac
Virtual Pool,1998,Windows 95
Virtual Pool 3,2004,Windows 98/2000/ME/XP
Virtual Resort Spring Break,2002,Windows 98/ME/XP
Virtuoso,1994,MS-DOS 5.0
Volume One: Adventure Collection,2006,Windows 2000/XP
VR Sports Powerboat Racing,1998,Windows
Wal-Mart FLW Tour Professional Bass Tournament,1999,Windows 95/98
Wallobee Jack “the Bingi Burra Stone”,1994,Windows/Mac
Walt Disney World Explorer,1998,Windows 95
War Craft: Battle Chest,2003,Windows XP/Vista
War Hammer: Dawn of War,2004,Windows
War Leaders: Clash of Nations,2008,Windows 2000/XP/Vista
Warcraft 2 Beyond the Dark Portal (Expansion Set),1996,MS-DOS/Windows 9.5/3.1/Mac
Warcraft 2 Types of Darkness,1995,MS-DOS
Warcraft Battle Chest,2003,Windows XP/Vista
WarHammer Online: Age of Reckoning,2008,Windows
Warhammer: Dawn of War Gold Edition,2004,Windows 98SE/2000/XP/ME
WarHammer: Dawn of War II Retribution,2011,Windows XP SP2/Vista/7
Warhammer: Mark of Chaos,2006,Windows 2000/XP
Warlords Battlecry II,2002,Windows 95/98/ME/2000/XP
Warlords IV: Heroes of Etheria,2003,Windows 98/ME/2000/XP
Warplanes Modern Fighting Aircraft Encyclopedia,1994,Windows 3.1 and Mac
Watch Dogs,2014,Windows Vista/7/8
WCW Nitro,1998,Windows 95
Web Plus X4,2009,Windows XP/7
Webroot,2014,Windows XP/7/8.1 and Mac OSX 10.7.3
Webroot Window Washer Five,2003,Windows 98/ME/2000/ME/XP/NT4
Wedding Dash: Rings Around the World,2008,Window XP
Welltris,1989,DOS
What Air Can Do,1994,Windows/Mac
What Would Jesus Do Screensaver,1998,Windows 3.1/95
Wheel of Fortune,2003,Windows 2000 SP4/XP SP2/Vista
Wheel of Fortune,1998,Windows 95/98
Wheel of Fortune 1st Edition,1998,Windows 95/98
Wheel of Fortune 2003,2002,Windows 98/ME/2000/XP
Where in the WORLD is Carmen Sandiego,1996,Windows
Where’s the Blanket Charlie Brown,2002,Windows
Whiplash,1998,Windows 95
Whitetail fever,1998,Windows 98/95
Who Wants to be a Millionaire,1999,Windows 95
Who Wants to Be a Millionaire 3rd Edition,2001,Windows 95/98/ME and Mac System 8.6
Who Wants To Be A Millionaire Sports Edition,2000,Windows 95/98/ME and Mac System 8.6
Who Wants to be a Millionaire: Second Edition,2000,Windows 95/98 & Mac
Will Maker 5,1996,Windows 3.1/95
William Shatner’s TekWar,1995,DOS 5.0
Windows 7 Professional,2009,Windows
Windows 7 Professional Upgrade,2009,Windows 7
Windows 7 Ultimate,2009,Windows 7
Wine Tycoon,2009,Windows
Wing Commander III: Heart of the Tiger,1995,Mac
Wing Commander Prophecy,1997,Windows
Wings Korea to Vietnam,1995,Windows 3.1
Wings Midway to Hiroshima,1995,Windows 3.1
Wings of Glory,1994,Windows
Wings Saigon to Persian Gulf,1995,Windows 3.1
Winner’s Circle V.I.P. Pass Tony Stewart,2000,Windows
Wipeout XL,1997,Windows 95
Wizardry 8,2001,Windows 95/98/2000
Wizards & Warriors,2000,Windows 95/98
Wizards and Warriors,2000,Windows 95/98
Wolfenstein,2009,Windows XP/Vista
Wolfenstein The New Order & The Old Blood,2015,Windows 7/8
Women’s Murder Club Death in Scarlet,2008,Windows Vista/XP
Wonders of the Universe,No Specified Year,Windows 95
Wordmania,2006,Windows 98/XP/2000/ME
WordPerfect Suite 8,1997,Windows 95/NT 4.0
WordPerfect Suite 8,1997,Windows 95/NT 4.0
World Book 2002 Deluxe Edition,2001,Mac OS X
World Book Millenial Edition,1999,IBM/Quicktime
World Explorer Deluxe,2000,Windows 95/98/NT/2000/Mac
World of EA Sports,2005,Windows XP/ME/2000/98
World of War Craft Mists of Pandaria (Collector’s Edition),2012,Windows
World of WarCraft,2013,Windows XP/Vista/7/8
World of WarCraft,2004,Windows98/ME/2000/XP
World of WarCraft Cataclysm,2010,Windows XP/Vista/7
World of WarCraft Legion,2016,Windows 7/8/10
World of WarCraft Mists of Pandaria,2012,Windows XP/VIsta/7/8
World of WarCraft Wrath of the Ligh KIng,2008,WindowsXP/Vista
World of WarCraft: Battle Chest,2008,Windows XP/Vista & Mac
World of WarCraft: Battle Chest,2011,Windows Vista/XP/7
World of Warcraft: Burning Crusade,2007,Windows 2000/XP/Vista &Mac
World of Warcraft: Starter Edition,2011,Windows XP/Vista/7
World of World Craft: Game Card,2004,Windows
World’s Best Backgammon,1995-ish???,Windows 95
Wrath of the Gods,1994,Windows
WW2 Normandy,2001,Windows 95/ME/XP
Wyatt Earp’s Old West,1994,Mac 6.0.7
X Plane,2000,Windows and Mac
X-COM Enforcer,2001,Windows 95/98/ME
X-COM Interceptor,1998,Windows 95
X3 Renuion 2.0,2006,Windows 98se/ME/2000/XP
X3 Reunion 2.0,2006,Windows XP
X3 Terran Conflict 2.0,2008,Windows XPsp2/Vista
XIII,2003,Windows 98/ME/2000/XP
Xrebirth,2013,Windows 8/7/SP1/Vista/SP2
You Are Empty,2007,Windows 2000/XP
You Don’t Know Jack,1998,Windows 3.1/95 and Mac 7.1
You Don’t Know Jack,1995,Windows 3.1/95 & Mac
You Don’t know Jack,1995,Windows
You Don’t Know Jack Sports,1996,Windows
You Don’t Know Jack TV,1997,Windows
You Don’t Know Jack: Movies,1997,Windows 3.1/95 & Mac
You Don’t Know Jack: Volume 4 The Ride,1998,Windows
Your Complete Landscape & Garden Designer,2005,Windows 98/ME/XP
Z,1996,DOS/Windows
Zax the Alien Hunter,2001,Windows
Zebco Pro Fishing,1998,Windows 95/98
Zoo Tycoon,2003,Windows 98/ME/2000
Zoo Tycoon 2,2005,Windows XP/2000/ME/98SE
Zoo Tycoon: Complete Collection,2003,Windows 98/ME/2000
Zoo Vet,2005,Windows 98/ME/2000/XP
Zoombinis Island Odyssey,2002,Windows & Mac
Zork Nemesis,1996,Windows
